{
  "ID": "faction_ClanWolf",
  "Name": "Clan Wolf",
  "ShortName": "TODO",
  "Demonym": "TODO",
  "Government": "TODO",
  "Allies": [
  ],
  "Enemies": [
  ],
  "Presence": 0.1,
  "Faction": "ClanWolf",
  "DefaultCombatLeaderCastDefId": "castDef_LocalsDefault",
  "DefaultRepresentativeCastDefId": "castDef_LocalsDefault",
  "HeraldryDefId": "heraldrydef_random",
  "ReputationStatements": [
    "TODO.",
	"TODO.",
	"TODO.",
	"TODO.",
	"TODO.",
	"TODO.",
	"TODO.",
  ],
  "MissionSuccessStatement": "TODO.",
  "GoodFaithFailureStatement": "TODO.",
  "BadFaithFailureStatement": "TODO.",
  "Description" : "TODO."
}