{
	"Description" : {
		"Id" : "AbilityDefG8AI",
		"Name" : "Warlord",
		"Details" : "ACTION: Overcharge your Mech's system to gain +2 Accuracy, 10% Damage, -10% Heat Generated and cool 50 heat. Has a 4 Turn Cooldown.",
		"Icon" : "uixSvgIcon_skullAtlas"
	},
    "DisplayParams" : "ShowInMWTRay",
	"ReqSkill" : "Gunnery",
	"ReqSkillLevel" : 8,
	"ActivationTime" : "Passive",	
	"EffectData" :
	[
{
			"durationData" :
			{
				"duration" : -1,
                "stackLimit" : -1		
			},
			"targetingData" : 
			{
				"effectTriggerType" : "OnActivation",
				"effectTargetType" : "Creator"
			},
            "effectType" : "StatisticEffect",
            "Description" : {
                "Id" : "StatusEffect-WarlordDamage",
                "Name" : "Overcharge",
                "Details" : "Increased Weapon Damage Damage.",
                "Icon" : "uixSvgIcon_ability_precisionstrike"
            },
            "nature" : "Buff",
            "statisticData" : {
                "statName" : "DamagePerShot",
                "operation" : "Float_Multiply",
                "modValue" : "1.1",
                "modType" : "System.Single",
                "additionalRules" : "NotSet",
                "targetCollection" : "Weapon",
                "targetWeaponCategory" : "NotSet",
                "targetWeaponType" : "NotSet",
                "targetAmmoCategory" : "NotSet",
                "targetWeaponSubType" : "NotSet"
            }
        },
        {
			"durationData" :
			{
				"duration" : -1,
                "stackLimit" : -1		
			},
			"targetingData" : 
			{
				"effectTriggerType" : "OnActivation",
				"effectTargetType" : "Creator"
			},
            "effectType" : "StatisticEffect",
            "Description" : {
                "Id" : "Warlord-TO-HIT",
                "Name" : "Targetting",
                "Details" : "+2 Accuracy",
                "Icon" : "uixSvgIcon_skullAtlas"
            },
            "nature" : "Buff",
            "statisticData" : {
                "statName" : "AccuracyModifier",
                "operation" : "Float_Add",
                "modValue" : "-1",
                "modType" : "System.Single",
                "additionalRules" : "NotSet",
                "targetCollection" : "Weapon",
                "targetWeaponCategory" : "NotSet",
                "targetWeaponType" : "NotSet",
                "targetAmmoCategory" : "NotSet",
                "targetWeaponSubType" : "NotSet"
            }
        },
        {
			"durationData" :
			{
				"duration" : -1,
                "stackLimit" : -1		
			},
			"targetingData" : 
			{
				"effectTriggerType" : "OnActivation",
				"effectTargetType" : "Creator"
			},
            "effectType" : "StatisticEffect",
            "Description" : {
                "Id" : "Warlord-Heat",
                "Name" : "Flush Coolant",
                "Details" : "-50 Heat",
                "Icon" : "uixSvgIcon_skullAtlas"
            },
            "nature" : "Buff",
            "statisticData" : {
            "statName": "HeatSinkCapacity",
            "operation": "Int_Add",
            "modValue": "30",
            "modType": "System.Int32"
            }
        },
        {
			"durationData" :
			{
				"duration" : -1,
                "stackLimit" : -1		
			},
			"targetingData" : 
			{
				"effectTriggerType" : "OnActivation",
				"effectTargetType" : "Creator"
			},
            "effectType" : "StatisticEffect",
            "Description" : {
                "Id" : "Warlord-Heat2",
                "Name" : "Flush Coolant2",
                "Details" : "-50 Heat",
                "Icon" : "uixSvgIcon_skullAtlas"
            },
            "nature" : "Buff",
            "statisticData" : {
                "statName" : "HeatGenerated",
                "operation" : "Float_Multiply",
                "modValue" : "0.9",
                "modType" : "System.Single",
                "targetCollection" : "Weapon"
            }
        }	
	],
	"IsPrimaryAbility" : true
}
