{
	"Description" : {
		"Id" : "AbilityDefGu8AI",
		"Name" : "BERSERKER",
		"Details" : "ACTION: A deadly precision Attack with 50% extra damage, +2 chance to hit and 30% reduced DFA self damage. Works for both DFA and Melee attacks. 4 turn cooldown.",
		"Icon" : "uixSvgIcon_ability_bulwark"
	},
    "DisplayParams" : "ShowInMWTRay",
	"ReqSkill" : "Guts",
	"ReqSkillLevel" : 8,
	"ActivationTime" : "Passive",
	"EffectData" :
	[
        {
			"durationData" :
			{
				"duration" : -1,
                "stackLimit" : -1		
			},
			"targetingData" : 
			{
				"effectTriggerType" : "OnActivation",
				"effectTargetType" : "Creator"
			},
            "effectType" : "StatisticEffect",
            "Description" : {
                "Id" : "GU8DFASelf",
                "Name" : "DFA SELF-INFLICTED DAMAGE DECREASED",
                "Details" : "DFA attacks deal [AMT] less damage to the attacker.",
                "Icon" : "uixSvgIcon_equipment_ActuatorLeg"
            },
            "nature" : "Buff",
            "statisticData" : {
                "appliesEachTick" : false,
                "effectsPersistAfterDestruction" : false,
                "statName" : "DFASelfDamage",
                "operation" : "Float_Multiply",
                "modValue" : "0.75",
                "modType" : "System.Single",
                "targetWeaponSubType" : "DFA"
            },
            "tagData" : null,
            "floatieData" : null,
            "actorBurningData" : null,
            "vfxData" : null,
            "instantModData" : null,
            "poorlyMaintainedEffectData" : null
        },
        {
			"durationData" :
			{
				"duration" : -1,
                "stackLimit" : -1		
			},
			"targetingData" : 
			{
				"effectTriggerType" : "OnActivation",
				"effectTargetType" : "Creator"
			},
            "effectType" : "StatisticEffect",
            "Description" : {
                "Id" : "GU8Melee",
                "Name" : "MELEE DAMAGE INCREASED",
                "Details" : "Melee attacks deal 10% more damage.",
                "Icon" : "uixSvgIcon_equipment_ActuatorArm"
            },
            "statisticData" : {
                "appliesEachTick" : false,
                "effectsPersistAfterDestruction" : false,
                "statName" : "DamagePerShot",
                "operation" : "Float_Multiply",
                "modValue" : "1.2",
                "modType" : "System.Single",
                "targetCollection" : "Weapon",
                "targetWeaponSubType" : "Melee"
            },
			"nature" : "Buff"
        },	
        {
			"durationData" :
			{
				"duration" : -1,
                "stackLimit" : -1		
			},
			"targetingData" : 
			{
				"effectTriggerType" : "OnActivation",
				"effectTargetType" : "Creator"
			},
            "effectType" : "StatisticEffect",
            "Description" : {
                "Id" : "GU8DFA",
                "Name" : "MELEE DAMAGE INCREASED",
                "Details" : "Melee attacks deal 10% more damage.",
                "Icon" : "uixSvgIcon_equipment_ActuatorArm"
            },
            "statisticData" : {
                "appliesEachTick" : false,
                "effectsPersistAfterDestruction" : false,
                "statName" : "DamagePerShot",
                "operation" : "Float_Multiply",
                "modValue" : "1.3",
                "modType" : "System.Single",
                "targetCollection" : "Weapon",
                "targetWeaponSubType" : "DFA"
            },
			"nature" : "Buff"
        },
        {
			"durationData" :
			{
				"duration" : -1,
                "stackLimit" : -1		
			},
			"targetingData" : 
			{
				"effectTriggerType" : "OnActivation",
				"effectTargetType" : "Creator"
			},
            "effectType" : "StatisticEffect",
            "Description" : {
                "Id" : "GU8MELEEACC",
                "Name" : "GU8MELEEACC",
                "Details" : "+2 Accuracy",
                "Icon" : "uixSvgIcon_skullAtlas"
            },
            "nature" : "Buff",
            "statisticData" : {
                "statName" : "AccuracyModifier",
                "operation" : "Float_Add",
                "modValue" : "-1",
                "modType" : "System.Single",
                "targetCollection" : "Weapon",
                "targetWeaponSubType" : "Melee"
            }
        },
        {
			"durationData" :
			{
				"duration" : -1,
                "stackLimit" : -1		
			},
			"targetingData" : 
			{
				"effectTriggerType" : "OnActivation",
				"effectTargetType" : "Creator"
			},
            "effectType" : "StatisticEffect",
            "Description" : {
                "Id" : "GU8DFAACC",
                "Name" : "GU8DFAACC",
                "Details" : "+2 Accuracy",
                "Icon" : "uixSvgIcon_skullAtlas"
            },
            "nature" : "Buff",
            "statisticData" : {
                "statName" : "AccuracyModifier",
                "operation" : "Float_Add",
                "modValue" : "-2",
                "modType" : "System.Single",
                "targetCollection" : "Weapon",
                "targetWeaponSubType" : "DFA"
            }
        }		
	],
	"IsPrimaryAbility" : true
}
