{
	"Description" : {
		"Id" : "AbilityDefP8AI",
		"Name" : "Phantom Mech",
		"Details" : "ACTION: Gain enhanced ability to avoid damage for 2 turns, with a flat +2 increase in evasion with any movement. This can exceed your maximum allowed. Also take 25% less Stability Damage during the effect. Has a 5 turn cooldown.",
		"Icon" : "uixSvgIcon_action_evasivemove"
	},
    "DisplayParams" : "ShowInMWTRay",
	"ReqSkill" : "Piloting",
	"ReqSkillLevel" : 8,
	"ActivationTime" : "Passive",
	"EffectData" :
	[
		{
			"durationData" :
			{
				"duration" : -1,
                "stackLimit" : -1		
			},
			"targetingData" : 
			{
				"effectTriggerType" : "OnActivation",
				"effectTargetType" : "Creator"
			},
			"effectType" : "StatisticEffect",
			"Description" :
			{
				"Id" : "AbilityDefP82",
				"Name" : "EVASIVE MOVE",
				"Details" : "This unit generates an extra EVASIVE charge from movement actions (up to its maximum).",
				"Icon" : "uixSvgIcon_action_evasivemove"
			},
			"statisticData" : 
			{
				"statName" : "MaxEvasivePips",
				"operation" : "Int_Add",
				"modValue" : "1",
				"modType" : "System.Int32"
			},
			"nature" : "Buff"
		},	
		{
			"durationData" :
			{
				"duration" : -1,
                "stackLimit" : -1		
			},
			"targetingData" : 
			{
				"effectTriggerType" : "OnActivation",
				"effectTargetType" : "Creator"
			},
			"effectType" : "StatisticEffect",
			"Description" :
			{
				"Id" : "AbilityDefP81",
				"Name" : "EVASIVE MOVE",
				"Details" : "This unit generates an extra EVASIVE charge from movement actions (up to its maximum).",
				"Icon" : "uixSvgIcon_action_evasivemove"
			},
			"statisticData" : 
			{
				"statName" : "EvasivePipsGainedAdditional",
				"operation" : "Int_Add",
				"modValue" : "1",
				"modType" : "System.Int32"
			},
			"nature" : "Buff"
		},
		{
			"durationData" :
			{
				"duration" : -1,
                "stackLimit" : -1		
			},
			"targetingData" : 
			{
				"effectTriggerType" : "OnActivation",
				"effectTargetType" : "Creator"
			},
			"effectType" : "StatisticEffect",
			"Description" :
			{
				"Id" : "AbilityDefP83",
				"Name" : "EVASIVE MOVE",
				"Details" : "This unit generates an extra EVASIVE charge from movement actions (up to its maximum).",
				"Icon" : "uixSvgIcon_action_evasivemove"
			},
			"statisticData" : 
			{
                "statName" : "ReceivedInstabilityMultiplier",
                "operation" : "Float_Multiply",
                "modValue" : "0.6",
                "modType" : "System.Single"
			},
			"nature" : "Buff"
		}		
    ],
	"IsPrimaryAbility" : true
}
