{
	"Description" : {
		"Id" : "TraitAID10",
		"Name" : "AI d10 buff",
		"Details" : "PASSIVE: Reduces Heat generation by 10%.",
		"Icon" : "uixSvgIcon_ability_mastertactician"
	},
	"Type" : "HeatReduction",
	"ShortDesc" : "-10% Heat Generation",
    "DisplayParams" : "ShowInPilotToolTip",
	"ActivationTime" : "Passive",
	"EffectData" :
	[
		{
			"durationData" :
			{
				"duration" : -1
			},
			"targetingData" : 
			{
				"effectTriggerType" : "OnActivation",
				"effectTargetType" : "Creator"
			},
			"effectType" : "StatisticEffect",
			"Description" :
			{
				"Id" : "Traitaid102",
				"Name" : "Decreases Heat Generation",
				"Details" : "Heat generation reduced by 10%",
				"Icon" : "uixSvgIcon_ability_mastertactician"
			},
			"statisticData" : 
			{
                "statName" : "AccuracyModifier",
                "operation" : "Float_Add",
                "modValue" : "-1.0",
                "modType" : "System.Single",
				"targetCollection" : "Weapon"
			},
			"nature" : "Buff"
		}			
	]
}
