{
	"Description" : {
		"Id" : "TraitAID11",
		"Name" : "AI d11 buff",
		"Details" : "PASSIVE: Reduces Heat generation by 10%.",
		"Icon" : "uixSvgIcon_ability_mastertactician"
	},
	"Type" : "HeatReduction",
	"ShortDesc" : "-10% Heat Generation",
    "DisplayParams" : "ShowInPilotToolTip",
	"ActivationTime" : "Passive",
	"EffectData" :
	[
		{
			"durationData" :
			{
				"duration" : -1
			},
			"targetingData" : 
			{
				"effectTriggerType" : "OnActivation",
				"effectTargetType" : "Creator"
			},
			"effectType" : "StatisticEffect",
			"Description" :
			{
				"Id" : "Traitaid11",
				"Name" : "Decreases Heat Generation",
				"Details" : "Heat generation reduced by 10%",
				"Icon" : "uixSvgIcon_ability_mastertactician"
			},
			"statisticData" : 
			{
                "statName" : "AccuracyModifier",
                "operation" : "Float_Add",
                "modValue" : "-1.0",
                "modType" : "System.Single",
				"targetCollection" : "Weapon"
			},
			"nature" : "Buff"
		},
		{
			"durationData" :
			{
				"duration" : -1
			},
			"targetingData" : 
			{
				"effectTriggerType" : "OnActivation",
				"effectTargetType" : "Creator"
			},
			"effectType" : "StatisticEffect",
			"Description" :
			{
				"Id" : "Traitaid112",
				"Name" : "Decreases Heat Generation",
				"Details" : "Heat generation reduced by 10%",
				"Icon" : "uixSvgIcon_ability_mastertactician"
			},
			"statisticData" : 
			{
                "targetCollection" : "Pilot",
				"statName" : "Health",
				"operation" : "Int_Add",
				"modValue" : "4",
				"modType" : "System.Int32"
			},
			"nature" : "Buff"
		},
		{
			"durationData" :
			{
				"duration" : -1
			},
			"targetingData" : 
			{
				"effectTriggerType" : "OnActivation",
				"effectTargetType" : "Creator"
			},
			"effectType" : "StatisticEffect",
			"Description" :
			{
				"Id" : "Traitaid113",
				"Name" : "Decreases Heat Generation",
				"Details" : "Heat generation reduced by 10%",
				"Icon" : "uixSvgIcon_ability_mastertactician"
			},
			"statisticData" : 
			{
            "statName": "ReceivedInstabilityMultiplier",
            "operation": "Float_Multiply",
            "modValue": "0.85",
            "modType": "System.Single"
			},
			"nature" : "Buff"
		},
		{
			"durationData" :
			{
				"duration" : -1
			},
			"targetingData" : 
			{
				"effectTriggerType" : "OnActivation",
				"effectTargetType" : "Creator"
			},
			"effectType" : "StatisticEffect",
			"Description" :
			{
				"Id" : "Traitaid114",
				"Name" : "Decreases Heat Generation",
				"Details" : "Heat generation reduced by 10%",
				"Icon" : "uixSvgIcon_ability_mastertactician"
			},
			"statisticData" : 
			{
				"statName" : "GainEntrenchedOnNormalMove",
				"operation" : "Set",
				"modValue" : "true",
				"modType" : "System.Boolean"
			},
			"nature" : "Buff"
		},
		{
			"durationData" :
			{
				"duration" : -1
			},
			"targetingData" : 
			{
				"effectTriggerType" : "OnActivation",
				"effectTargetType" : "Creator"
			},
			"effectType" : "StatisticEffect",
			"Description" :
			{
				"Id" : "Traitaid115",
				"Name" : "Decreases Heat Generation",
				"Details" : "Heat generation reduced by 10%",
				"Icon" : "uixSvgIcon_ability_mastertactician"
			},
			"statisticData" : 
			{
            "statName": "GuardedIsUpgraded",
            "operation": "Set",
            "modValue": "true",
            "modType": "System.Boolean"
			},
			"nature" : "Buff"
		},
		{
			"durationData" :
			{
				"duration" : -1
			},
			"targetingData" : 
			{
				"effectTriggerType" : "OnActivation",
				"effectTargetType" : "Creator"
			},
			"effectType" : "StatisticEffect",
			"Description" :
			{
				"Id" : "Traitaid116",
				"Name" : "Decreases Heat Generation",
				"Details" : "Heat generation reduced by 10%",
				"Icon" : "uixSvgIcon_ability_mastertactician"
			},
			"statisticData" : 
			{
                "statName" : "MaxHeat",
                "operation" : "Int_Add",
                "modValue" : "120",
                "modType" : "System.Int32"
			},
			"nature" : "Buff"
		},
		{
			"durationData" :
			{
				"duration" : -1
			},
			"targetingData" : 
			{
				"effectTriggerType" : "OnActivation",
				"effectTargetType" : "Creator"
			},
			"effectType" : "StatisticEffect",
			"Description" :
			{
				"Id" : "Traitaid117",
				"Name" : "Decreases Heat Generation",
				"Details" : "Heat generation reduced by 10%",
				"Icon" : "uixSvgIcon_ability_mastertactician"
			},
			"statisticData" : 
			{
                "statName" : "OverheatLevel",
                "operation" : "Int_Add",
                "modValue" : "60",
                "modType" : "System.Int32"
			},
			"nature" : "Buff"
		}		
	]
}
