{
	"Description" : {
		"Id" : "TraitAID7",
		"Name" : "AI d7 buff",
		"Details" : "PASSIVE: Reduces Heat generation by 10%.",
		"Icon" : "uixSvgIcon_ability_mastertactician"
	},
	"Type" : "HeatReduction",
	"ShortDesc" : "-10% Heat Generation",
    "DisplayParams" : "ShowInPilotToolTip",
	"ActivationTime" : "Passive",
	"EffectData" :
	[
		{
			"durationData" :
			{
				"duration" : -1
			},
			"targetingData" : 
			{
				"effectTriggerType" : "OnActivation",
				"effectTargetType" : "Creator"
			},
			"effectType" : "StatisticEffect",
			"Description" :
			{
				"Id" : "Traitaid7",
				"Name" : "Decreases Heat Generation",
				"Details" : "Heat generation reduced by 10%",
				"Icon" : "uixSvgIcon_ability_mastertactician"
			},
			"statisticData" : 
			{
				"statName" : "ToHitIndirectModifier",
				"operation" : "Float_Add",
				"modValue" : "-1.0",
				"modType" : "System.Single"
			},
			"nature" : "Buff"
		}			
	]
}
