{
	"Description" : {
		"Id" : "TraitAID12",
		"Name" : "AI d11 buff",
		"Details" : "PASSIVE: Reduces Heat generation by 10%.",
		"Icon" : "uixSvgIcon_ability_mastertactician"
	},
	"Type" : "HeatReduction",
	"ShortDesc" : "-10% Heat Generation",
    "DisplayParams" : "ShowInPilotToolTip",
	"ActivationTime" : "Passive",
	"EffectData" :
	[
		{
			"durationData" :
			{
				"duration" : -1
			},
			"targetingData" : 
			{
				"effectTriggerType" : "OnActivation",
				"effectTargetType" : "Creator"
			},
			"effectType" : "StatisticEffect",
			"Description" :
			{
				"Id" : "Traitaid12",
				"Name" : "Decreases Heat Generation",
				"Details" : "Heat generation reduced by 10%",
				"Icon" : "uixSvgIcon_ability_mastertactician"
			},
			"statisticData" : 
			{
                "statName" : "BaseInitiative",
                "operation" : "Int_Add",
                "modValue" : "-1",
                "modType" : "System.Int32",
			},
			"nature" : "Buff"
		},
		{
			"durationData" :
			{
				"duration" : -1
			},
			"targetingData" : 
			{
				"effectTriggerType" : "OnActivation",
				"effectTargetType" : "Creator"
			},
			"effectType" : "StatisticEffect",
			"Description" :
			{
				"Id" : "Traitaid121",
				"Name" : "Decreases Heat Generation",
				"Details" : "Heat generation reduced by 10%",
				"Icon" : "uixSvgIcon_ability_mastertactician"
			},
			"statisticData" : 
			{
                "statName" : "MaxHeat",
                "operation" : "Int_Add",
                "modValue" : "100",
                "modType" : "System.Int32"
			},
			"nature" : "Buff"
		},
		{
			"durationData" :
			{
				"duration" : -1
			},
			"targetingData" : 
			{
				"effectTriggerType" : "OnActivation",
				"effectTargetType" : "Creator"
			},
			"effectType" : "StatisticEffect",
			"Description" :
			{
				"Id" : "Traitaid122",
				"Name" : "Decreases Heat Generation",
				"Details" : "Heat generation reduced by 10%",
				"Icon" : "uixSvgIcon_ability_mastertactician"
			},
			"statisticData" : 
			{
                "statName" : "OverheatLevel",
                "operation" : "Int_Add",
                "modValue" : "50",
                "modType" : "System.Int32"
			},
			"nature" : "Buff"
		},
		{
			"durationData" :
			{
				"duration" : -1
			},
			"targetingData" : 
			{
				"effectTriggerType" : "OnActivation",
				"effectTargetType" : "Creator"
			},
			"effectType" : "StatisticEffect",
			"Description" :
			{
				"Id" : "Traitaid12evamax",
				"Name" : "Decreases Heat Generation",
				"Details" : "Heat generation reduced by 10%",
				"Icon" : "uixSvgIcon_ability_mastertactician"
			},
			"statisticData" : 
			{
				"statName" : "MaxEvasivePips",
				"operation" : "Int_Add",
				"modValue" : "2",
				"modType" : "System.Int32"
			},
			"nature" : "Buff"
		},
		{
			"durationData" :
			{
				"duration" : -1
			},
			"targetingData" : 
			{
				"effectTriggerType" : "OnActivation",
				"effectTargetType" : "Creator"
			},
			"effectType" : "StatisticEffect",
			"Description" :
			{
				"Id" : "Traitaid12evagain",
				"Name" : "Decreases Heat Generation",
				"Details" : "Heat generation reduced by 10%",
				"Icon" : "uixSvgIcon_ability_mastertactician"
			},
			"statisticData" : 
			{
				"statName" : "EvasivePipsGainedAdditional",
				"operation" : "Int_Add",
				"modValue" : "4",
				"modType" : "System.Int32"
			},
			"nature" : "Buff"
		}		
	]
}
