itemCollection_Weapons_uncommon,,,
Weapon_Autocannon_AC10_2-Defiance,Weapon,1,3
Weapon_Autocannon_AC10_2-Federated,Weapon,1,3
Weapon_Autocannon_AC10_2-Imperator,Weapon,1,3
Weapon_Autocannon_AC10_2-Kali_Yama,Weapon,1,3
Weapon_Autocannon_AC10_2-Mydron,Weapon,1,3
Weapon_Autocannon_AC2_2-Defiance,Weapon,1,5
Weapon_Autocannon_AC2_2-Federated,Weapon,1,5
Weapon_Autocannon_AC2_2-Imperator,Weapon,1,5
Weapon_Autocannon_AC2_2-Kali_Yama,Weapon,1,5
Weapon_Autocannon_AC2_2-Mydron,Weapon,1,5
Weapon_Autocannon_AC20_2-Defiance,Weapon,1,2
Weapon_Autocannon_AC20_2-Federated,Weapon,1,2
Weapon_Autocannon_AC20_2-Imperator,Weapon,1,2
Weapon_Autocannon_AC20_2-Kali_Yama,Weapon,1,2
Weapon_Autocannon_AC20_2-Mydron,Weapon,1,2
Weapon_Autocannon_AC5_2-Defiance,Weapon,1,3
Weapon_Autocannon_AC5_2-Federated,Weapon,1,3
Weapon_Autocannon_AC5_2-Imperator,Weapon,1,3
Weapon_Autocannon_AC5_2-Kali_Yama,Weapon,1,3
Weapon_Autocannon_AC5_2-Mydron,Weapon,1,3
Weapon_Flamer_Flamer_2-Olympus,Weapon,1,4
Weapon_Flamer_Flamer_2-Olympus,Weapon,1,4
Weapon_Laser_LargeLaser_2-Diverse_Optics,Weapon,1,3
Weapon_Laser_LargeLaser_2-ExoStar,Weapon,1,3
Weapon_Laser_LargeLaser_2-Intek,Weapon,1,3
Weapon_Laser_LargeLaser_2-Magna,Weapon,1,3
Weapon_Laser_MediumLaser_2-Diverse_Optics,Weapon,1,4
Weapon_Laser_MediumLaser_2-ExoStar,Weapon,1,4
Weapon_Laser_MediumLaser_2-Intek,Weapon,1,4
Weapon_Laser_MediumLaser_2-Magna,Weapon,1,4
Weapon_Laser_SmallLaser_2-Diverse_Optics,Weapon,1,5
Weapon_Laser_SmallLaser_2-ExoStar,Weapon,1,5
Weapon_Laser_SmallLaser_2-Intek,Weapon,1,5
Weapon_Laser_SmallLaser_2-Magna,Weapon,1,5
Weapon_LRM_LRM10_2-Delta,Weapon,1,4
Weapon_LRM_LRM10_2-LongFire,Weapon,1,4
Weapon_LRM_LRM10_2-Telos,Weapon,1,4
Weapon_LRM_LRM10_2-Zeus,Weapon,1,4
Weapon_LRM_LRM15_2-Delta,Weapon,1,3
Weapon_LRM_LRM15_2-LongFire,Weapon,1,3
Weapon_LRM_LRM15_2-Telos,Weapon,1,3
Weapon_LRM_LRM15_2-Zeus,Weapon,1,3
Weapon_LRM_LRM20_2-Delta,Weapon,1,2
Weapon_LRM_LRM20_2-LongFire,Weapon,1,2
Weapon_LRM_LRM20_2-Telos,Weapon,1,2
Weapon_LRM_LRM20_2-Zeus,Weapon,1,2
Weapon_LRM_LRM5_2-Delta,Weapon,1,5
Weapon_LRM_LRM5_2-LongFire,Weapon,1,5
Weapon_LRM_LRM5_2-Telos,Weapon,1,5
Weapon_LRM_LRM5_2-Zeus,Weapon,1,5
Weapon_PPC_PPC_2-Ceres_Arms,Weapon,1,3
Weapon_PPC_PPC_2-Donal,Weapon,1,3
Weapon_PPC_PPC_2-Tiegart,Weapon,1,3
Weapon_SRM_SRM2_2-Holly,Weapon,1,5
Weapon_SRM_SRM2_2-Irian,Weapon,1,5
Weapon_SRM_SRM2_2-Valiant,Weapon,1,5
Weapon_SRM_SRM4_2-Holly,Weapon,1,4
Weapon_SRM_SRM4_2-Irian,Weapon,1,4
Weapon_SRM_SRM4_2-Valiant,Weapon,1,4
Weapon_SRM_SRM6_2-Holly,Weapon,1,3
Weapon_SRM_SRM6_2-Irian,Weapon,1,3
Weapon_SRM_SRM6_2-Valiant,Weapon,1,3
Weapon_PPC_TSEMP,Weapon,1,2
Weapon_SRM_SRM_NARC,Weapon,1,3
Weapon_SRM_SRM2_STREAK,Weapon,1,5
Weapon_SRM_SRM4_STREAK,Weapon,1,4
Weapon_SRM_SRM6_STREAK,Weapon,1,3
Weapon_C3_Master,Weapon,1,3
Weapon_FluidGun,Weapon,1,4
Weapon_Gauss_Gauss_2-Norse,Weapon,1,2
Weapon_Gauss_Gauss_Silverbullet,Weapon,1,3
Weapon_PPC_PPC_SNUBNOSE,Weapon,1,4
Weapon_PPC_PPC_LIGHT,Weapon,1,5
Weapon_PPC_PPC_HEAVY,Weapon,1,3
Weapon_Laser_LargeLaser_Chemical,Weapon,1,5
Weapon_Laser_MediumLaser_Chemical,Weapon,1,5
Weapon_Laser_SmallLaser_Chemical,Weapon,1,5
Weapon_Laser_LargeLaser_Bombast,Weapon,1,3
Weapon_LRM_LRM5_EXTENTED,Weapon,1,5
Weapon_LRM_LRM10_EXTENTED,Weapon,1,4
Weapon_LRM_LRM15_EXTENTED,Weapon,1,3
Weapon_LRM_LRM20_EXTENTED,Weapon,1,2
Weapon_LRM_LRM5_ENHANCED,Weapon,1,5
Weapon_LRM_LRM10_ENHANCED,Weapon,1,4
Weapon_LRM_LRM15_ENHANCED,Weapon,1,3
Weapon_LRM_LRM20_ENHANCED,Weapon,1,2
Weapon_Laser_TAG,Weapon,1,4
Weapon_Gauss_Taser,Weapon,1,3
Weapon_FLAMER_PLASMA,Weapon,1,4
