{
  "Description": {
    "Id": "pilot_d7_sharpshooter",
    "Name": "Sharpshooter",
    "FirstName": "Sharpshooter",
    "LastName": "NONE",
    "Callsign": "Sharpshooter",
    "Gender": "Female",
    "Faction": "Davion",
    "Age": 30,
    "Details": "NONE",
    "Icon": "Wildfire"
  },
  "BaseGunnery": 8,
  "BonusGunnery": 0,
  "BasePiloting": 4,
  "BonusPiloting": 0,
  "BaseGuts": 4,
  "BonusGuts": 0,
  "BaseTactics": 5,
  "BonusTactics": 0,
  "ExperienceUnspent": 0,
  "ExperienceSpent": 0,
  "Injuries": 0,
  "Health": 3,
  "LethalInjury": false,
  "Incapacitated": false,
  "Morale": 0,
  "Voice": "f_overload01",
  "abilityDefNames": [
    "TraitAID1",
    "TraitAID2",
    "TraitAID3",
    "TraitAID4",
    "TraitAID5",
    "TraitAID6",
    "TraitAID7",
    "AbilityDefG5",
    "AbilityDefG8",
    "AbilityDefT5A",
    "TraitDefHealthAddOne",
    "TraitDefIndirectReduceOne",
    "TraitDefMinRangeReduce45",
    "TraitDefEvasiveChargeAddOne",
    "TraitDefUnsteadySet60",
    "TraitDefRefireReduceOne"
  ],
  "AIPersonality": "Undefined",
  "PilotTags": {
    "items": ["pilot_npc_low", 
      "pilot_npc_sharpshooter",
      "pilot_npc_dynamic",
      "pilot_npc_d7"
    ],
    "tagSetSourceFile": ""
  },
  "PilotCost": 0
}