{
  "Description": {
    "Id": "pilot_d8_brawler",
    "Name": "Brawler",
    "FirstName": "Brawler",
    "LastName": "NONE",
    "Callsign": "Brawler",
    "Gender": "Female",
    "Faction": "Davion",
    "Age": 30,
    "Details": "NONE",
    "Icon": "Wildfire"
  },
  "BaseGunnery": 6,
  "BonusGunnery": 0,
  "BasePiloting": 5,
  "BonusPiloting": 0,
  "BaseGuts": 8,
  "BonusGuts": 0,
  "BaseTactics": 5,
  "BonusTactics": 0,
  "ExperienceUnspent": 0,
  "ExperienceSpent": 0,
  "Injuries": 0,
  "Health": 3,
  "LethalInjury": false,
  "Incapacitated": false,
  "Morale": 0,
  "Voice": "f_overload01",
  "abilityDefNames": [
    "TraitAID1",
    "TraitAID2",
    "TraitAID3",
    "TraitAID4",
    "TraitAID5",
    "TraitAID6",
    "TraitAID7",
    "TraitAID8",
    "AbilityDefGu5",
    "AbilityDefGu8",
    "AbilityDefP5",
    "TraitDefRefireReduceOne",
    "TraitDefEvasiveChargeAddOne",
    "TraitDefUnsteadySet60",
    "TraitStabDamage5",
    "TraitDefHealthAddOne",
    "TraitHeatReduction5",
    "TraitDefOverheatAddFifteen",
    "TraitDefHealthAddTwo",
    "TraitHeatReduction10",
    "TraitDefIndirectReduceOne",
    "TraitDefMinRangeReduce45"
  ],
  "AIPersonality": "Undefined",
  "PilotTags": {
    "items": ["pilot_npc_low", 
      "pilot_npc_brawler",
      "pilot_npc_dynamic",
      "pilot_npc_d8"
    ],
    "tagSetSourceFile": ""
  },
  "PilotCost": 0
}