{
  "Description": {
    "Id": "pilot_d5_pilot",
    "Name": "Pilot",
    "FirstName": "Pilot",
    "LastName": "NONE",
    "Callsign": "Pilot",
    "Gender": "Female",
    "Faction": "Davion",
    "Age": 30,
    "Details": "NONE",
    "Icon": "Wildfire"
  },
  "BaseGunnery": 4,
  "BonusGunnery": 0,
  "BasePiloting": 6,
  "BonusPiloting": 0,
  "BaseGuts": 3,
  "BonusGuts": 0,
  "BaseTactics": 3,
  "BonusTactics": 0,
  "ExperienceUnspent": 0,
  "ExperienceSpent": 0,
  "Injuries": 0,
  "Health": 3,
  "LethalInjury": false,
  "Incapacitated": false,
  "Morale": 0,
  "Voice": "f_overload01",
  "abilityDefNames": [
    "TraitAID1",
    "TraitAID2",
    "TraitAID3",
    "TraitAID4",
    "TraitAID5",
    "AbilityDefP5",
    "TraitDefEvasiveChargeAddOne",
    "TraitDefUnsteadySet60",
    "TraitStabDamage5",
    "TraitDefEvasiveChargeAddTwo"
  ],
  "AIPersonality": "Undefined",
  "PilotTags": {
    "items": ["pilot_npc_low", 
      "pilot_npc_pilot",
      "pilot_npc_dynamic",
      "pilot_npc_d5"
    ],
    "tagSetSourceFile": ""
  },
  "PilotCost": 0
}