{
  "Description": {
    "Id": "pilot_d6_gunner",
    "Name": "Gunner",
    "FirstName": "Gunner",
    "LastName": "NONE",
    "Callsign": "Gunner",
    "Gender": "Female",
    "Faction": "Davion",
    "Age": 30,
    "Details": "NONE",
    "Icon": "Wildfire"
  },
  "BaseGunnery": 6,
  "BonusGunnery": 0,
  "BasePiloting": 5,
  "BonusPiloting": 0,
  "BaseGuts": 4,
  "BonusGuts": 0,
  "BaseTactics": 4,
  "BonusTactics": 0,
  "ExperienceUnspent": 0,
  "ExperienceSpent": 0,
  "Injuries": 0,
  "Health": 3,
  "LethalInjury": false,
  "Incapacitated": false,
  "Morale": 0,
  "Voice": "f_overload01",
  "abilityDefNames": [
    "TraitAID1",
    "TraitAID2",
    "TraitAID3",
    "TraitAID4",
    "TraitAID5",
    "TraitAID6",
    "AbilityDefG5",
    "AbilityDefP5",
    "TraitDefEvasiveChargeAddOne",
    "TraitDefUnsteadySet60",
    "TraitStabDamage5",
    "TraitDefIndirectReduceOne",
    "TraitDefHealthAddOne"
  ],
  "AIPersonality": "Undefined",
  "PilotTags": {
    "items": ["pilot_npc_low", "nautilus", "nofaction", "MercenaryReviewBoard", "betrayers", "auriganmercenaries", "comstar", "steiner", "marik", "kurita", "davion", "liao", "jarnfolk", "delphi", "hanse", "castile", "chainelane", "tortuga", "axumite", "auriganpirates", "locals", "magistracyofcanopus", "marian", "taurianconcordat", "rasalhague", "outworld", "ives", "elysia", "oberon", "valkyrate", "circinus", "illyrian", "lothian", "aurigandirectorate", "auriganrestoration","FlakJackals","LocalsBrockwayRefugees","SelfEmployed","MasonsMarauders","SteelBeast","KellHounds","RazorbackMercs","HostileMercenaries","nautilus", "nofaction", "MercenaryReviewBoard", "betrayers", "auriganmercenaries", "comstar", "steiner", "marik", "kurita", "davion", "liao", "jarnfolk", "delphi", "hanse", "castile", "chainelane", "tortuga", "axumite", "auriganpirates", "locals", "magistracyofcanopus", "marian", "taurianconcordat", "rasalhague", "outworld", "ives", "elysia", "oberon", "valkyrate", "circinus", "illyrian", "lothian", "aurigandirectorate", "auriganrestoration",
      "pilot_npc_gunner",
      "pilot_npc_dynamic",
      "pilot_npc_d6"
    ],
    "tagSetSourceFile": ""
  },
  "PilotCost": 0
}