{
  "Description": {
    "Id": "pilot_d9_scout",
    "Name": "Scout",
    "FirstName": "Scout",
    "LastName": "NONE",
    "Callsign": "Scout",
    "Gender": "Female",
    "Faction": "Davion",
    "Age": 30,
    "Details": "NONE",
    "Icon": "Wildfire"
  },
  "BaseGunnery": 7,
  "BonusGunnery": 0,
  "BasePiloting": 6,
  "BonusPiloting": 0,
  "BaseGuts": 5,
  "BonusGuts": 0,
  "BaseTactics": 9,
  "BonusTactics": 0,
  "ExperienceUnspent": 0,
  "ExperienceSpent": 0,
  "Injuries": 0,
  "Health": 3,
  "LethalInjury": false,
  "Incapacitated": false,
  "Morale": 0,
  "Voice": "f_overload01",
  "abilityDefNames": [
    "TraitAID1",
    "TraitAID2",
    "TraitAID3",
    "TraitAID4",
    "TraitAID5",
    "TraitAID6",
    "TraitAID7",
    "TraitAID8",
    "TraitAID9",
    "AbilityDefT5A",
    "AbilityDefT8A",
    "AbilityDefP5",
    "TraitDefIndirectReduceOne",
    "TraitDefMinRangeReduce45",
    "TraitDefCalledShotImprove",
    "TraitTacSight50",
    "TraitDefIndirectReduceTwo",
    "TraitSensors15",
    "TraitDefMinRangeReduce90",
    "TraitDefCalledShotMaster",
    "TraitTacSight100",
    "TraitDefRefireReduceOne",
    "TraitDefEvasiveChargeAddOne",
    "TraitDefUnsteadySet60",
    "TraitStabDamage5",
    "TraitDefEvasiveChargeAddTwo",
    "TraitDefHealthAddOne",
    "TraitHeatReduction5"
  ],
  "AIPersonality": "Undefined",
  "PilotTags": {
    "items": ["pilot_npc_low", 
      "pilot_npc_scout",
      "pilot_npc_dynamic",
      "pilot_npc_d9"
    ],
    "tagSetSourceFile": ""
  },
  "PilotCost": 0
}