{
  "Description": {
    "Id": "pilot_d6_tactician",
    "Name": "Tactician",
    "FirstName": "Tactician",
    "LastName": "NONE",
    "Callsign": "Tactician",
    "Gender": "Female",
    "Faction": "Davion",
    "Age": 30,
    "Details": "NONE",
    "Icon": "Wildfire"
  },
  "BaseGunnery": 5,
  "BonusGunnery": 0,
  "BasePiloting": 4,
  "BonusPiloting": 0,
  "BaseGuts": 4,
  "BonusGuts": 0,
  "BaseTactics": 6,
  "BonusTactics": 0,
  "ExperienceUnspent": 0,
  "ExperienceSpent": 0,
  "Injuries": 0,
  "Health": 3,
  "LethalInjury": false,
  "Incapacitated": false,
  "Morale": 0,
  "Voice": "f_overload01",
  "abilityDefNames": [
    "TraitAID1",
    "TraitAID2",
    "TraitAID3",
    "TraitAID4",
    "TraitAID5",
    "TraitAID6",
    "AbilityDefT5A",
    "AbilityDefG5",
    "TraitDefEvasiveChargeAddOne",
    "TraitDefUnsteadySet60",
    "TraitDefHealthAddOne",
    "TraitDefIndirectReduceOne",
    "TraitDefMinRangeReduce45",
    "TraitDefCalledShotImprove",
    "TraitTacSight50"
  ],
  "AIPersonality": "Undefined",
  "PilotTags": {
    "items": ["pilot_npc_low", 
      "pilot_npc_tactician",
      "pilot_npc_dynamic",
      "pilot_npc_d6"
    ],
    "tagSetSourceFile": ""
  },
  "PilotCost": 0
}