{
  "Description": {
    "Id": "pilot_d3_gunner_high",
    "Name": "Gunner",
    "FirstName": "Gunner",
    "LastName": "NONE",
    "Callsign": "Gunner",
    "Gender": "Female",
    "Faction": "Davion",
    "Age": 30,
    "Details": "NONE",
    "Icon": "Wildfire"
  },
  "BaseGunnery": 9,
  "BonusGunnery": 0,
  "BasePiloting": 6,
  "BonusPiloting": 0,
  "BaseGuts": 6,
  "BonusGuts": 0,
  "BaseTactics": 6,
  "BonusTactics": 0,
  "ExperienceUnspent": 0,
  "ExperienceSpent": 0,
  "Injuries": 0,
  "Health": 3,
  "LethalInjury": false,
  "Incapacitated": false,
  "Morale": 0,
  "Voice": "f_overload01",
  "abilityDefNames": [
  "TraitAID1",
"TraitAID2",
"TraitAID3",
    "AbilityDefG5"
  ],
  "AIPersonality": "Undefined",
  "PilotTags": {
        "items": [
     
      "pilot_npc_high",
      "pilot_npc_gunner",
      "pilot_npc_dynamic",
      "pilot_npc_d3"
    ],
    "tagSetSourceFile": ""
  },
  "PilotCost": 0
}