{
    "Description": {
        "Id": "pilot_story_victoriaMid",
        "Name": "Victoria",
        "FirstName": "Victoria",
        "LastName": "NONE",
        "Callsign": "Sentinel",
        "Gender": "Female",
        "Faction": "Davion",
        "Age": 30,
        "Details": "NONE",
        "Icon": "Wildfire"
    },
    "BaseGunnery": "8",
    "BonusGunnery": 0,
    "BasePiloting": "2",
    "BonusPiloting": 0,
    "BaseGuts": "5",
    "BonusGuts": 0,
    "BaseTactics": "4",
    "BonusTactics": 0,
    "ExperienceUnspent": 0,
    "ExperienceSpent": 0,
    "Injuries": 0,
    "Health": 3,
    "LethalInjury": false,
    "Incapacitated": false,
    "Morale": 0,
    "Voice": "f_overload01",
    "abilityDefNames": [
		"TraitAID8",
"TraitAID9",
"TraitAID10",
"TraitAID11",	
        "AbilityDefG5",
		"AbilityDefG8",
        "TraitDefIndirectReduceOne",
        "TraitDefHealthAddOne",
		"TraitDefRefireReduceOne",
		"AbilityDefGu5"
		
    ],
    "AIPersonality": "Undefined",
    "PilotTags": {
        "items": [
         
            "pilot_elite_d4"
        ],
        "tagSetSourceFile": ""
    },
    "PilotCost": 0
}