{
  "Description": {
    "Id": "pilot_d11_Boss_high",
    "Name": "Testpilot",
    "FirstName": "Testpilot",
    "LastName": "NONE",
    "Callsign": "Testpilot",
    "Gender": "Female",
    "Faction": "Davion",
    "Age": 30,
    "Details": "NONE",
    "Icon": "Wildfire"
  },
  "BaseGunnery": 14,
  "BonusGunnery": 0,
  "BasePiloting": 14,
  "BonusPiloting": 0,
  "BaseGuts": 14,
  "BonusGuts": 0,
  "BaseTactics": 14,
  "BonusTactics": 0,
  "ExperienceUnspent": 0,
  "ExperienceSpent": 0,
  "Injuries": 0,
  "Health": 3,
  "LethalInjury": false,
  "Incapacitated": false,
  "Morale": 0,
  "Voice": "f_overload01",
  "abilityDefNames": [
"TraitAID1",
"TraitAID2",
"TraitAID3",
"TraitAID4",
"TraitAID5",
"TraitAID6",
"TraitAID7",
"TraitAID8",
"TraitAID9",
"TraitAID10",
"TraitAID11",
    "AbilityDefG5AISH",
    "AbilityDefGu5",
    "AbilityDefP5",
    "AbilityDefT5A",
    "TraitDefRefireReduceOne",
    "TraitDefRefireReduceTwo",
    "TraitOPOnePlus",
    "TraitOPTWOPlus",
    "TraitOPTHREEPlus",
    "TraitDefEvasiveChargeAddOne",
    "TraitDefUnsteadySet60",
    "TraitDefUnsteadySet80",
    "TraitStabDamage5",
    "TraitDefEvasiveChargeAddTwo",
    "TraitDefEvasiveChargeAddThree",
    "TraitDefSprintIncrease10",
    "TraitDefSprintIncrease20",
    "TraitStabDamage10",
    "TraitDefHealthAddOne",
    "TraitDefHealthAddTwo",
    "TraitDefHealthAddThree",
    "TraitHeatReduction5",
    "TraitHeatReduction10",
    "TraitDefOverheatAddThirty",
    "TraitDefOverheatAddFifteen",
    "TraitDefIndirectReduceOne",
    "TraitDefMinRangeReduce45",
    "TraitDefCalledShotImprove",
    "TraitTacSight50",
    "TraitDefIndirectReduceTwo",
    "TraitSensors15",
    "TraitDefMinRangeReduce90",
    "TraitDefCalledShotMaster",
    "TraitTacSight100",
    "TraitDefIndirectReduceThree",
    "TraitSensors30"
  ],
  "AIPersonality": "Undefined",
  "PilotTags": {
        "items": [
     
      "pilot_npc_high",
      "pilot_npc_testpilot"
    ],
    "tagSetSourceFile": ""
  },
  "PilotCost": 0
}