{
  "Description": {
    "Id": "pilot_d10_outrider_high",
    "Name": "Elite Outrider",
    "FirstName": "Elite Outrider",
    "LastName": "NONE",
    "Callsign": "Elite Outrider",
    "Gender": "Female",
    "Faction": "Davion",
    "Age": 30,
    "Details": "NONE",
    "Icon": "Wildfire"
  },
  "BaseGunnery": 9,
  "BonusGunnery": 0,
  "BasePiloting": 13,
  "BonusPiloting": 0,
  "BaseGuts": 11,
  "BonusGuts": 0,
  "BaseTactics": 9,
  "BonusTactics": 0,
  "ExperienceUnspent": 0,
  "ExperienceSpent": 0,
  "Injuries": 0,
  "Health": 3,
  "LethalInjury": false,
  "Incapacitated": false,
  "Morale": 0,
  "Voice": "f_overload01",
  "abilityDefNames": [
    "TraitAID1",
    "TraitAID2",
    "TraitAID3",
    "TraitAID4",
    "TraitAID5",
    "TraitAID6",
    "TraitAID7",
    "TraitAID8",
    "TraitAID9",
    "TraitAID10",
    "AbilityDefP5",
    "AbilityDefP8",
    "AbilityDefGu5",
    "TraitDefRefireReduceOne",
    "TraitDefEvasiveChargeAddOne",
    "TraitDefUnsteadySet60",
    "TraitStabDamage5",
    "TraitDefEvasiveChargeAddTwo",
    "TraitDefSprintIncrease10",
    "TraitStabDamage10",
    "TraitDefUnsteadySet80",
    "TraitDefSprintIncrease20",
    "TraitDefEvasiveChargeAddThree",
    "TraitDefHealthAddOne",
    "TraitHeatReduction5",
    "TraitDefOverheatAddFifteen",
    "TraitDefHealthAddTwo",
    "TraitHeatReduction10",
    "TraitDefIndirectReduceOne",
    "TraitDefMinRangeReduce45",
    "TraitDefCalledShotImprove",
    "TraitTacSight50"
  ],
  "AIPersonality": "Undefined",
  "PilotTags": {
        "items": [
     
      "pilot_npc_high",
      "pilot_npc_outrider",
      "pilot_npc_dynamic",
      "pilot_npc_d10"
    ],
    "tagSetSourceFile": ""
  },
  "PilotCost": 0
}