{
  "Description": {
    "Id": "pilot_d5_tactician_high",
    "Name": "Tactician",
    "FirstName": "Tactician",
    "LastName": "NONE",
    "Callsign": "Tactician",
    "Gender": "Female",
    "Faction": "Davion",
    "Age": 30,
    "Details": "NONE",
    "Icon": "Wildfire"
  },
  "BaseGunnery": 8,
  "BonusGunnery": 0,
  "BasePiloting": 7,
  "BonusPiloting": 0,
  "BaseGuts": 7,
  "BonusGuts": 0,
  "BaseTactics": 10,
  "BonusTactics": 0,
  "ExperienceUnspent": 0,
  "ExperienceSpent": 0,
  "Injuries": 0,
  "Health": 3,
  "LethalInjury": false,
  "Incapacitated": false,
  "Morale": 0,
  "Voice": "f_overload01",
  "abilityDefNames": [
  "TraitAID1",
"TraitAID2",
"TraitAID3",
"TraitAID4",
"TraitAID5",
    "AbilityDefT5A",
    "TraitDefEvasiveChargeAddOne",
    "TraitDefIndirectReduceOne",
    "TraitDefMinRangeReduce45",
    "TraitDefCalledShotImprove",
    "TraitTacSight50"
  ],
  "AIPersonality": "Undefined",
  "PilotTags": {
        "items": [
     
      "pilot_npc_high",
      "pilot_npc_tactician",
      "pilot_npc_dynamic",
      "pilot_npc_d5"
    ],
    "tagSetSourceFile": ""
  },
  "PilotCost": 0
}