{
    "Description": {
        "Id": "pilot_story_VictoriaEnd",
        "Name": "Victoria",
        "FirstName": "Victoria",
        "LastName": "Espinosa",
        "Callsign": "Victoria",
        "Gender": "Female",
        "Faction": "Davion",
        "Age": 30,
        "Details": "NONE",
        "Icon": "Wildfire"
    },
    "BaseGunnery": "10",
    "BonusGunnery": 0,
    "BasePiloting": "10",
    "BonusPiloting": 0,
    "BaseGuts": "8",
    "BonusGuts": 0,
    "BaseTactics": "5",
    "BonusTactics": 0,
    "ExperienceUnspent": 0,
    "ExperienceSpent": 0,
    "Injuries": 0,
    "Health": 5,
    "LethalInjury": false,
    "Incapacitated": false,
    "Morale": 0,
    "Voice": "f_overload01",
    "abilityDefNames": [
		"TraitAID8",
"TraitAID9",
"TraitAID10",
"TraitAID11",	
        "AbilityDefG5",
        "AbilityDefG8",
        "AbilityDefGu5",
        "TraitDefUnsteadySet60",
        "TraitDefIndirectReduceOne",
        "TraitDefHealthAddOne",
		"AbilityDefP5",
		"TraitDefSprintIncrease20",
		"TraitDefEvasiveChargeAddOne",
		"AbilityDefP8",
		"TraitDefUnsteadySet80",
		"TraitDefEvasiveChargeAddTwo",
		"TraitDefHealthAddTwo",
		"TraitDefRefireReduceTwo",
		"AbilityDefGu8"
		
		
    ],
    "AIPersonality": "Undefined",
    "PilotTags": {
        "items": [
         
            "pilot_elite_d8"
        ],
        "tagSetSourceFile": ""
    },
    "PilotCost": 0
}