{
  "Description": {
    "Id": "pilot_d7_vanguard_high",
    "Name": "Vanguard",
    "FirstName": "Vanguard",
    "LastName": "NONE",
    "Callsign": "Vanguard",
    "Gender": "Female",
    "Faction": "Davion",
    "Age": 30,
    "Details": "NONE",
    "Icon": "Wildfire"
  },
  "BaseGunnery": 8,
  "BonusGunnery": 0,
  "BasePiloting": 8,
  "BonusPiloting": 0,
  "BaseGuts": 9,
  "BonusGuts": 0,
  "BaseTactics": 12,
  "BonusTactics": 0,
  "ExperienceUnspent": 0,
  "ExperienceSpent": 0,
  "Injuries": 0,
  "Health": 3,
  "LethalInjury": false,
  "Incapacitated": false,
  "Morale": 0,
  "Voice": "f_overload01",
  "abilityDefNames": [
  "TraitAID1",
"TraitAID2",
"TraitAID3",
"TraitAID4",
"TraitAID5",
"TraitAID6",
"TraitAID7",
    "AbilityDefT5A",
    "AbilityDefT8A",
    "AbilityDefGu5",
    "TraitDefIndirectReduceOne",
    "TraitDefMinRangeReduce45",
    "TraitDefCalledShotImprove",
    "TraitTacSight50",
    "TraitDefIndirectReduceTwo",
    "TraitSensors15",
    "TraitDefMinRangeReduce90",
    "TraitDefEvasiveChargeAddOne",
    "TraitDefUnsteadySet60",
    "TraitDefHealthAddOne",
    "TraitHeatReduction5"
  ],
  "AIPersonality": "Undefined",
  "PilotTags": {
        "items": [
     
      "pilot_npc_high",
      "pilot_npc_vanguard",
      "pilot_npc_dynamic",
      "pilot_npc_d7"
    ],
    "tagSetSourceFile": ""
  },
  "PilotCost": 0
}