{
  "Description": {
    "Id": "pilot_d2_recruit_high",
    "Name": "Recruit",
    "FirstName": "Recruit",
    "LastName": "NONE",
    "Callsign": "Recruit",
    "Gender": "Female",
    "Faction": "Davion",
    "Age": 30,
    "Details": "NONE",
    "Icon": "Wildfire"
  },
  "BaseGunnery": 6,
  "BonusGunnery": 0,
  "BasePiloting": 7,
  "BonusPiloting": 0,
  "BaseGuts": 6,
  "BonusGuts": 0,
  "BaseTactics": 5,
  "BonusTactics": 0,
  "ExperienceUnspent": 0,
  "ExperienceSpent": 0,
  "Injuries": 0,
  "Health": 3,
  "LethalInjury": false,
  "Incapacitated": false,
  "Morale": 0,
  "Voice": "f_overload01",
  "abilityDefNames": [
  "TraitAID1",
"TraitAID2",
    "TraitDefEvasiveChargeAddOne"
  ],
  "AIPersonality": "Undefined",
  "PilotTags": {
        "items": [
     
      "pilot_npc_high",
      "pilot_npc_recruit",
      "pilot_npc_dynamic",
      "pilot_npc_d2"
    ],
    "tagSetSourceFile": ""
  },
  "PilotCost": 0
}