{
  "Description": {
    "Id": "pilot_d7_pilot_high",
    "Name": "Pilot",
    "FirstName": "Pilot",
    "LastName": "NONE",
    "Callsign": "Pilot",
    "Gender": "Female",
    "Faction": "Davion",
    "Age": 30,
    "Details": "NONE",
    "Icon": "Wildfire"
  },
  "BaseGunnery": 10,
  "BonusGunnery": 0,
  "BasePiloting": 11,
  "BonusPiloting": 0,
  "BaseGuts": 8,
  "BonusGuts": 0,
  "BaseTactics": 8,
  "BonusTactics": 0,
  "ExperienceUnspent": 0,
  "ExperienceSpent": 0,
  "Injuries": 0,
  "Health": 3,
  "LethalInjury": false,
  "Incapacitated": false,
  "Morale": 0,
  "Voice": "f_overload01",
  "abilityDefNames": [
  "TraitAID1",
"TraitAID2",
"TraitAID3",
"TraitAID4",
"TraitAID5",
"TraitAID6",
"TraitAID7",
    "AbilityDefP5",
    "AbilityDefG5",
    "TraitDefHealthAddOne",
    "TraitDefEvasiveChargeAddOne",
    "TraitDefUnsteadySet60",
    "TraitStabDamage5",
    "TraitDefEvasiveChargeAddTwo",
    "TraitDefSprintIncrease10",
    "TraitDefIndirectReduceOne"
  ],
  "AIPersonality": "Undefined",
  "PilotTags": {
        "items": [
     
      "pilot_npc_high",
      "pilot_npc_pilot",
      "pilot_npc_dynamic",
      "pilot_npc_d7"
    ],
    "tagSetSourceFile": ""
  },
  "PilotCost": 0
}