{
  "Description": {
    "Id": "pilot_d9_striker_med",
    "Name": "Striker",
    "FirstName": "Striker",
    "LastName": "NONE",
    "Callsign": "Striker",
    "Gender": "Female",
    "Faction": "Davion",
    "Age": 30,
    "Details": "NONE",
    "Icon": "Wildfire"
  },
  "BaseGunnery": 8,
  "BonusGunnery": 0,
  "BasePiloting": 9,
  "BonusPiloting": 0,
  "BaseGuts": 7,
  "BonusGuts": 0,
  "BaseTactics": 11,
  "BonusTactics": 0,
  "ExperienceUnspent": 0,
  "ExperienceSpent": 0,
  "Injuries": 0,
  "Health": 3,
  "LethalInjury": false,
  "Incapacitated": false,
  "Morale": 0,
  "Voice": "f_overload01",
  "abilityDefNames": [
"TraitAID1",
"TraitAID2",
"TraitAID3",
"TraitAID4",
"TraitAID5",
"TraitAID6",
"TraitAID7",
"TraitAID8",
"TraitAID9",
    "AbilityDefT5A",
    "AbilityDefT8A",
    "AbilityDefG5",
    "TraitDefRefireReduceOne",
    "TraitDefEvasiveChargeAddOne",
    "TraitDefUnsteadySet60",
    "TraitStabDamage5",
    "TraitDefEvasiveChargeAddTwo",
    "TraitDefSprintIncrease10",
    "TraitDefHealthAddOne",
    "TraitHeatReduction5",
    "TraitDefIndirectReduceOne",
    "TraitDefMinRangeReduce45",
    "TraitDefCalledShotImprove",
    "TraitTacSight50",
    "TraitDefIndirectReduceTwo",
    "TraitSensors15",
    "TraitDefMinRangeReduce90",
    "TraitDefCalledShotMaster",
    "TraitTacSight100"
  ],
  "AIPersonality": "Undefined",
  "PilotTags": {
        "items": [
     
      "pilot_npc_med",
      "pilot_npc_striker",
      "pilot_npc_dynamic",
      "pilot_npc_d9"
    ],
    "tagSetSourceFile": ""
  },
  "PilotCost": 0
}