{
  "Description": {
    "Id": "pilot_d7_lancer_med",
    "Name": "Lancer",
    "FirstName": "Lancer",
    "LastName": "NONE",
    "Callsign": "Lancer",
    "Gender": "Female",
    "Faction": "Davion",
    "Age": 30,
    "Details": "NONE",
    "Icon": "Wildfire"
  },
  "BaseGunnery": 10,
  "BonusGunnery": 0,
  "BasePiloting": 6,
  "BonusPiloting": 0,
  "BaseGuts": 7,
  "BonusGuts": 0,
  "BaseTactics": 6,
  "BonusTactics": 0,
  "ExperienceUnspent": 0,
  "ExperienceSpent": 0,
  "Injuries": 0,
  "Health": 3,
  "LethalInjury": false,
  "Incapacitated": false,
  "Morale": 0,
  "Voice": "f_overload01",
  "abilityDefNames": [
  "TraitAID1",
"TraitAID2",
"TraitAID3",
"TraitAID4",
"TraitAID5",
"TraitAID6",
"TraitAID7",
    "AbilityDefG5",
    "AbilityDefG8",
    "AbilityDefGu5",
    "TraitDefHealthAddOne",
    "TraitHeatReduction5",
    "TraitDefRefireReduceOne",
    "TraitDefEvasiveChargeAddOne",
    "TraitDefUnsteadySet60",
    "TraitDefIndirectReduceOne"
  ],
  "AIPersonality": "Undefined",
  "PilotTags": {
        "items": [
     
      "pilot_npc_med",
      "pilot_npc_lancer",
      "pilot_npc_dynamic",
      "pilot_npc_d7"
    ],
    "tagSetSourceFile": ""
  },
  "PilotCost": 0
}