{
  "Description": {
    "Id": "pilot_d10_recon_med",
    "Name": "Elite Recon",
    "FirstName": "Elite Recon",
    "LastName": "NONE",
    "Callsign": "Elite Recon",
    "Gender": "Female",
    "Faction": "Davion",
    "Age": 30,
    "Details": "NONE",
    "Icon": "Wildfire"
  },
  "BaseGunnery": 8,
  "BonusGunnery": 0,
  "BasePiloting": 12,
  "BonusPiloting": 0,
  "BaseGuts": 8,
  "BonusGuts": 0,
  "BaseTactics": 10,
  "BonusTactics": 0,
  "ExperienceUnspent": 0,
  "ExperienceSpent": 0,
  "Injuries": 0,
  "Health": 3,
  "LethalInjury": false,
  "Incapacitated": false,
  "Morale": 0,
  "Voice": "f_overload01",
  "abilityDefNames": [
"TraitAID1",
"TraitAID2",
"TraitAID3",
"TraitAID4",
"TraitAID5",
"TraitAID6",
"TraitAID7",
"TraitAID8",
"TraitAID9",
"TraitAID10",
    "AbilityDefP5",
    "AbilityDefP8",
    "AbilityDefT5A",
    "TraitDefRefireReduceOne",
    "TraitDefEvasiveChargeAddOne",
    "TraitDefUnsteadySet60",
    "TraitStabDamage5",
    "TraitDefEvasiveChargeAddTwo",
    "TraitDefSprintIncrease10",
    "TraitStabDamage10",
    "TraitDefUnsteadySet80",
    "TraitDefSprintIncrease20",
    "TraitDefEvasiveChargeAddThree",
    "TraitDefHealthAddOne",
    "TraitHeatReduction5",
    "TraitDefOverheatAddFifteen",
    "TraitDefIndirectReduceOne",
    "TraitDefMinRangeReduce45",
    "TraitDefCalledShotImprove",
    "TraitTacSight50",
    "TraitDefIndirectReduceTwo",
    "TraitSensors15",
    "TraitDefMinRangeReduce90"
  ],
  "AIPersonality": "Undefined",
  "PilotTags": {
        "items": [
     
      "pilot_npc_med",
      "pilot_npc_recon",
      "pilot_npc_dynamic",
      "pilot_npc_d10"
    ],
    "tagSetSourceFile": ""
  },
  "PilotCost": 0
}