{
    "Phase":
    {
        "PhaseSpecial": 1,
        "PhaseLight": 2,
        "PhaseMedium": 3,
        "PhaseHeavy": 4,
        "PhaseAssault": 5,
        "PhaseLightVehicle": 2,
        "PhaseMediumVehicle": 3,
        "PhaseHeavyVehicle": 4,
        "PhaseAssaultVehicle": 5,
        "PhaseLightTurret": 2,
        "PhaseMediumTurret": 3,
        "PhaseHeavyTurret": 4,
        "PhaseAssaultTurret": 5
    },
    "Skills":
    {
        "MechDefaultGunnery": 10,
        "MechDefaultGuts": 10,
        "MechDefaultPiloting": 10,
        "MechDefaultTactics": 10,
        "VehicleDefaultGunnery": 9,
        "VehicleDefaultGuts": 9,
        "VehicleDefaultPiloting": 9,
        "VehicleDefaultTactics": 9,
        "TurretDefaultGunnery": 8,
        "TurretDefaultGuts": 8,
        "TurretDefaultPiloting": 8,
        "TurretDefaultTactics": 8
    },
    "Heat":
    {
        "OverheatLevel": 0.41,
        "MaxHeat": 110,
        "WalkHeat": 3,
        "SprintHeat": 8,
        "JumpHeatUnitSize": 6.1,
        "JumpHeatPerUnit": 1.35,
        "JumpHeatMin": 5,
        "EngineDamageHeat": 5,
        "InternalHeatSinkCount": 0,
        "DefaultHeatSinkDissipationCapacity": 3,
        "StartupSinkRatio": 0.65,
        "GlobalHeatIncreaseMultiplier": 1.0,
        "GlobalHeatSinkMultiplier": 1.0,
        "CriticalHeatPerLocationLight": 0,
        "CriticalHeatPerLocationMedium": 0,
        "CriticalHeatPerLocationHeavy": 0,
        "CriticalHeatPerLocationAssault": 0,
        "ShutdownCausesInjury": false,
        "ShowPeakHeat": false
    },
    "Visibility":
    {
        "BaseSpotterDistance": 350.0,
        "SpotterTacticsMultiplier": 0.0,
        "RatioFullVis": 0.79,
        "RatioObstructedVis": 0.41,
        "MinRatioFromActors": 0.2,
        "ShutDownVisibilityModifier": 0.0,
        "ShutDownSignatureModifier": -0.5,
        "BaseSensorDistance": 500.0,
        "UseAsymmetricalSensors": true,
        "ShowExtendedBlipsBeforeContact": false,
        "ExtendedSensorDistanceMultiplier": 1.0,
        "SensorHysteresisAdditive": 50.0,
        "ShutdownSpottingDistanceMultiplier": 0.1,
        "ProneSpottingDistanceMultiplier": 0.25,
        "AllowRearArcSpotting": true,
        "NumSensorLockSteps": 1,
        "SensorLockSingleStepEffect":
        {
            "durationData":
            {
                "duration": 2,
                "ticksOnEndOfRound": true,
                "stackLimit": 1
            },
            "targetingData":
            {
                "effectTargetType": "SingleTarget",
                "forceVisRebuild": true
            },
            "effectType": "StatisticEffect",
            "Description":
            {
                "Id": "AbilityDefT8A",
                "Name": "SENSOR LOCK",
                "Details": "SIGNATURE BOOSTED",
        		"Icon" : "uixSvgIcon_action_sensorlock"
            },
            "statisticData":
            {
                "statName": "ToHitThisActor",
                "operation": "Float_Add",
                "modValue": "-1.0",
                "modType": "System.Single"
            },
            "nature": "Debuff"
        },
        "NumSensorLockImpairedEffects": 2,
        "SensorsImpairedEffect":
        {
            "durationData" : {
                "duration" : 2,
                "ticksOnActivations" : true,
                "useActivationsOfTarget" : true
            },
            "targetingData" : {
                "effectTargetType" : "SingleTarget",
                "showInTargetPreview" : true,
                "showInStatusPanel" : true
            },
            "effectType" : "StatisticEffect",
            "Description" : {
                "Id" : "AbilityDefT8A2",
                "Name" : "DEEP SCAN",
                "Details" : "+50% Chance for Critical Hit against this target.",
                "Icon" : "uixSvgIcon_status_sensorsImpaired"
            },
            "nature" : "Debuff",
            "statisticData" : {
				"statName" : "CriticalHitChanceReceivedMultiplier",
				"operation" : "Float_Multiply",
				"modValue" : "1.5",
				"modType" : "System.Single"
            }
        },
        "FiredWeaponsEffect":
        {
            "durationData":
            {
                "duration": 1,
                "ticksOnActivations": true,
                "useActivationsOfTarget": true
            },
            "targetingData":
            {
                "effectTriggerType": "OnActivation",
                "effectTargetType": "SingleTarget"
            },
            "effectType": "StatisticEffect",
            "Description":
            {
                "Id": "FiredWeaponsSignatureEffect",
                "Name": "FIRED WEAPONS",
                "Details": "+100% SIGNATURE",
                "Icon": "uixSvgIcon_genericDiamond"
            },
            "statisticData":
            {
                "statName": "SensorSignatureModifier",
                "operation": "Float_Add",
                "modValue": "0.4",
                "modType": "System.Single"
            },
            "nature": "Debuff"
        },
        "MaxShadowingDistance": 70.0,
        "NumShadowingSteps": -4
    },
    "ToHit":
    {
        "FiringArcDegrees": 60.0,
        "ToHitBaseFloor": 0.7,
        "ToHitGunneryDivisor": 50,
        "ToHitUseSteppedAlgorithm": false,
        "ToHitStepThresholds":
        [
            0,
            10
        ],
        "ToHitStepValues":
        [
            0.05,
            0.025
        ],
        "ToHitModifierDivisor": 10,
        "ToHitAssault": 0,
        "ToHitHeavy": 0,
        "ToHitMedium": 0,
        "ToHitLight": 0,
        "ToHitVehicleAssault": 0,
        "ToHitVehicleHeavy": 0,
        "ToHitVehicleMedium": 0,
        "ToHitVehicleLight": 0,
        "ToHitTurretAssault": -3,
        "ToHitTurretHeavy": -2,
        "ToHitTurretMedium": -1,
        "ToHitTurretLight": 0,
        "ToHitElevationLevelHeight": 30,
        "ToHitElevationModifierPerLevel": 1,
        "ToHitElevationUseMultipleLevels": true,
        "ToHitElevationApplyPenalties": true,
        "ToHitMinimumRange": 8,
        "ToHitShortRange": 0,
        "ToHitMediumRange": 2,
        "ToHitLongRange": 4,
        "ToHitMaximumRange": 8,
        "ToHitCoverObstructed": 2,
        "DamageResistanceObstructed": 0.9,
        "DamageResistanceIndirectFire": 1,
        "ClusterChanceOriginalLocationMultiplier": 4,
        "ClusterChanceAdjacentMultiplier": 3,
        "ClusterChanceNonadjacentMultiplier": 2,
        "ClusterChanceNeverMultiplyHead": true,
        "ClusterChanceNeverClusterHead" : true,
        "ToHitIndirect": 8,
        "ToHitShutdownTargetBonus": -4,
        "ToHitShutdownTargetBonusMelee": -10,
        "ToHitProneTargetBonus": -2,
        "ToHitProneTargetBonusMelee": -10,
        "ToHitSelfOverheated": 0,
        "ToHitSelfSprinted": 2,
        "ToHitSelfWalkLight": 0,
        "ToHitSelfWalkMedium": 1,
        "ToHitSelfWalkHeavy": 1,
        "ToHitSelfWalkAssault": 1,
        "ToHitSelfWalkVehicle": 1,
        "ToHitSelfStoodUp": 5,
        "ToHitSelfArmMountedWeapon": -1,
        "SensorLockStripsEvasivePips": true,
        "SensorLockPipsStripped": 1,
        "ToHitMovingTargetDistances": 
		[
			10,
			60,
			120,
			190,
			250,
			300,
			370,
			440,
			500,
			800,
			850,
			900,
			950,
			960,
			990
		],
		"EvasivePipsMovingTarget":
		[
			1,
			2,
			3,
			4,
			5,
			6,
			7,
			8,
			9,
			10,
			11,
			12,
			13,
			14,
			15
		],
		"ToHitMovingPipUMs":
		[
			2,
			4,
			6,
			8,
			10,
			11,
			12,
			13,
			14,
			15,
			16,
			17,
			19,
			21,
			23
		],
		"ToHitMovingTargetStrings":
		[
			"1 EVASIVE charge: +2 Difficulty to hit this unit.",
			"2 EVASIVE charges: +4 Difficulty to hit this unit.",
			"3 EVASIVE charges: +6 Difficulty to hit this unit.",
			"4 EVASIVE charges: +8 Difficulty to hit this unit.",
			"5 EVASIVE charges: +10 Difficulty to hit this unit.",
			"6 EVASIVE charges: +11 Difficulty to hit this unit.",
			"7 EVASIVE charges: +12 Difficulty to hit this unit.",
			"8 EVASIVE charges: +13 Difficulty to hit this unit.",
			"9 EVASIVE charges: +14 Difficulty to hit this unit.",
			"10 EVASIVE charges: +15 Difficulty to hit this unit.",
			"11 EVASIVE charges: +16 Difficulty to hit this unit.",
			"12 EVASIVE charges: +17 Difficulty to hit this unit.",
			"13 EVASIVE charges: +19 Difficulty to hit this unit.",
			"14 EVASIVE charges: +21 Difficulty to hit this unit.",
			"15 EVASIVE charges: +23 Difficulty to hit this unit."
		],
		"ToHitSelfWeaponDamaged": 2,
		"ToHitSelfWeaponLocationDamagedMinor": 1,
		"ToHitSelfWeaponLocationDamagedMajor": 2,
		"UseMultipleGuardLevels": true,
		"WeaponsAffectedByEvasive":
		[
			1,
			2,
			3,
			4,
			5,
			6,
			7,
			8,
			9
		],
		"WeaponCategoriesAffectedByEvasive":
		[
			1,
			2,
			3,
			4,
			6
        ],
        "WeaponTypesGuaranteedEvasiveStrip":
        [
        ],
        "TacticsBaseFloor": 0.65,
        "TacticsDivisor": 20,
        "TacticsModifierDivisor": 10,
        "ToHitOffensivePush": 5
    },
    "ResolutionConstants":
    {
        "MeleePunchWeighting": 0.75,
        "MeleeKickWeighting": 0.25,
        "MeleeTackleWeighting": 0.1,
        "MeleeDamageTonnageMultiplier": 1.0,
        "MeleeDamageDFAMultiplier": 1.0,
        "DFASelfDamageMultiplier": 0.4,
        "DFASelfDamagePilotingDivisor": 99999.0,
        "DFAMissedPilotingModifier": 5.0,
        "MeleeDamageMultiplierTurret": 4.0,
        "MeleeDamageMultiplierVehicle": 2.0,
        "DefaultUnsteadyThreshold": 1.0,
        "MeleeInstabilityNormalMultiplier": 1.0,
        "MeleeInstabilityChargeMultiplier": 1.0,
        "MeleeInstabilityDFAMultiplier": 1.0,
        "ChargeDistanceThreshold": 0.5,
        "HeavyHitReactDamageThreshold": 100,
        "ComponentDestructionForceMultiplier": 25.0,
        "BuildingDestructionForceMultiplier": 40.0,
        "FlimsyDestructionForceMultiplier": 25.0,
        "MissOffsetHorizontalMin": 1.5,
        "MissOffsetHorizontalMax": 4.0,
        "MissOffsetVerticalMin": 5.0,
        "MissOffsetVerticalMax": 8.0,
        "HeavyDamageThreshold": 100,
        "LowArmorThreshold": 0.25,
        "SolidBlowDamageMultiplier": 1.0,
        "AICritChanceBaseMultiplier": 1.0,
        "NormalBlowDamageMultiplier": 0.8,
		"GlancingBlowDamageMultiplier": 0.6,
		"IneffectiveBlowDamageMultiplier": 0.4,
        "UnsteadyCountersGuarded": true,
        "MeleeCountersGuarded": false,
        "SolidDamageCountersGuarded": false,
        "SensorLockCountersGuarded": false,
        "UnsteadyCountersEvasive": true,
        "MeleeCountersEvasive": false,
        "SolidDamageCountersEvasive": false,
        "SensorLockCountersEvasive": false,
        "VehiclesGetEvasive": true,
        "VehicleEvasiveResultMultiplier": 1,
        "VehiclesGetGuarded": true,
        "EvasiveDodgeChance": 0.75,
        "EntrenchedMultiplier": 0.5,
        "StabilityLevels": 5,
        "StabilityDumpStationary": 3,
        "StabilityDumpStoodUp": 4,
        "StabilityDumpMoving": 2,
        "StabilityDumpJumping": -0.75,
        "StabilityDumpBracing": 5,
        "StabilityDumpAbilityDefer": 1,
        "StabilityDumpDFA": -0.5,
        "SearchForValidCritSlot": true,
        "MinCritChance": 0.5,
        "AllowTotalNegativeModifier": true
    },
    "CombatValueMultipliers":
    {
        "ArmorMultiplierLight": 1,
        "StructureMultiplierLight": 1,
        "ArmorMultiplierMedium": 1,
        "StructureMultiplierMedium": 1,
        "ArmorMultiplierHeavy": 1,
        "StructureMultiplierHeavy": 1,
        "ArmorMultiplierAssault": 1,
        "StructureMultiplierAssault": 1,
        "ArmorMultiplierVehicle": 1,
        "StructureMultiplierVehicle": 1,
        "GlobalDamageMultiplier": 1.0,
        "TEST_MechScaleMultiplier": 1.0
    },
    "HitTables":
    {
        "CalledShotBonusMultiplier": 1.8,
        "CalledShotBonusDegradeLerpFactor": 0.8,		
        "HitMechLocationFromFront": 
		[
            {
                "k": "Head",
                "v": 1
            },
            {
                "k": "CenterTorso",
                "v": 16
            },
            {
                "k": "LeftTorso",
                "v": 14
            },
            {
                "k": "RightTorso",
                "v": 14
            },
            {
                "k": "LeftArm",
                "v": 10
            },
            {
                "k": "RightArm",
                "v": 10
            },
            {
                "k": "LeftLeg",
                "v": 8
            },
            {
                "k": "RightLeg",
                "v": 8
            }
        ],
        "HitMechLocationFromLeft": 
		[
            {
                "k": "Head",
                "v": 1
            },
            {
                "k": "CenterTorso",
                "v": 4
            },
            {
                "k": "LeftTorso",
                "v": 28
            },
            {
                "k": "RightTorso",
                "v": 0
            },
            {
                "k": "LeftArm",
                "v": 28
            },
            {
                "k": "RightArm",
                "v": 0
            },
            {
                "k": "LeftLeg",
                "v": 28
            },
            {
                "k": "RightLeg",
                "v": 0
            }
        ],
        "HitMechLocationFromRight": 
		[
            {
                "k": "Head",
                "v": 1
            },
            {
                "k": "CenterTorso",
                "v": 4
            },
            {
                "k": "LeftTorso",
                "v": 0
            },
            {
                "k": "RightTorso",
                "v": 28
            },
            {
                "k": "LeftArm",
                "v": 0
            },
            {
                "k": "RightArm",
                "v": 28
            },
            {
                "k": "LeftLeg",
                "v": 0
            },
            {
                "k": "RightLeg",
                "v": 28
            }
        ],
        "HitMechLocationFromBack": 
		[
            {
                "k": "LeftArm",
                "v": 4
            },
            {
                "k": "RightArm",
                "v": 4
            },
            {
                "k": "LeftLeg",
                "v": 5
            },
            {
                "k": "RightLeg",
                "v": 5
            },
			{
                "k": "CenterTorsoRear",
                "v": 16
            },
            {
                "k": "LeftTorsoRear",
                "v": 14
            },
            {
                "k": "RightTorsoRear",
                "v": 14
            }
        ],
        "HitMechLocationFromTop": 
		[
            {
                "k": "Head",
                "v": 16
            },
            {
                "k": "CenterTorso",
                "v": 32
            },
            {
                "k": "LeftTorso",
                "v": 16
            },
            {
                "k": "RightTorso",
                "v": 16
            },
            {
                "k": "LeftArm",
                "v": 8
            },
            {
                "k": "RightArm",
                "v": 8
            },
            {
                "k": "CenterTorsoRear",
                "v": 8
            },
            {
                "k": "LeftTorsoRear",
                "v": 4
            },
            {
                "k": "RightTorsoRear",
                "v": 4
            }
        ],
        "HitMechLocationProne": 
		[
            {
                "k": "Head",
                "v": 1
            },
            {
                "k": "CenterTorso",
                "v": 32
            },
            {
                "k": "LeftTorso",
                "v": 16
            },
            {
                "k": "RightTorso",
                "v": 16
            },
            {
                "k": "LeftArm",
                "v": 8
            },
            {
                "k": "RightArm",
                "v": 8
            },
            {
                "k": "LeftLeg",
                "v": 8
            },
            {
                "k": "RightLeg",
                "v": 8
            }
        ],
        "HitMechLocationFromArtillery": 
		[
            {
                "k": "CenterTorso",
                "v": 32
            },
            {
                "k": "LeftTorso",
                "v": 16
            },
            {
                "k": "RightTorso",
                "v": 16
            },
            {
                "k": "LeftArm",
                "v": 8
            },
            {
                "k": "RightArm",
                "v": 8
            },
            {
                "k": "LeftLeg",
                "v": 8
            },
            {
                "k": "RightLeg",
                "v": 8
            },
            {
                "k": "CenterTorsoRear",
                "v": 8
            },
            {
                "k": "LeftTorsoRear",
                "v": 4
            },
            {
                "k": "RightTorsoRear",
                "v": 4
            }
        ],
        "HitVehicleLocationFromFront": 
		[
            {
                "k": "Turret",
                "v": 5
            },
            {
                "k": "Front",
                "v": 20
            },
            {
                "k": "Left",
                "v": 16
            },
            {
                "k": "Right",
                "v": 16
            }
        ],
        "HitVehicleLocationFromLeft": 
		[
            {
                "k": "Turret",
                "v": 5
            },
            {
                "k": "Front",
                "v": 20
            },
            {
                "k": "Left",
                "v": 32
            }
        ],
        "HitVehicleLocationFromRight": 
		[
            {
                "k": "Turret",
                "v": 5
            },
            {
                "k": "Front",
                "v": 20
            },
            {
                "k": "Right",
                "v": 32
            }
        ],
        "HitVehicleLocationFromBack": 
		[
            {
                "k": "Turret",
                "v": 5
            },
            {
                "k": "Rear",
                "v": 20
            },
            {
                "k": "Left",
                "v": 16
            },
            {
                "k": "Right",
                "v": 16
            }
        ],
        "HitVehicleLocationFromTop": 
		[
            {
                "k": "Turret",
                "v": 5
            },
            {
                "k": "Front",
                "v": 20
            },
            {
                "k": "Left",
                "v": 16
            },
            {
                "k": "Right",
                "v": 16
            },
            {
                "k": "Rear",
                "v": 16
            }
        ],
	    "HitVehicleLocationFromArtillery": 
		[
            {
                "k": "Turret",
                "v": 5
            },
            {
                "k": "Front",
                "v": 20
            },
            {
                "k": "Left",
                "v": 16
            },
            {
                "k": "Right",
                "v": 16
            },
            {
                "k": "Rear",
                "v": 8
            }
        ]

    },
    "PilotingConstants":
    {
        "PilotingBaseFloor": 0.7,
        "PilotingDivisor": 50,
        "PilotingModifierDivisor": 8,
        "PilotingDamageCTPenalizedModifier": 0.1,
        "PilotingDamageLegPenalizedModifier": 0.2,
        "PilotingDamageLegNonfunctionalModifier": 0.3,
        "PilotingDFAModifier": 8,
        "LocationDestroyedPermanentStabilityLoss": 0.15,
        "OnlyPermanentLossFromLegs": false,
        "SideTorsoBlackRelativeInstability": 0.02,
        "CenterTorsoYellowRelativeInstability": 0.02,
        "ArmBlackRelativeInstability": 0.01,
        "LegDamageRelativeInstability": 0.01,
        "InstabilityReductionLight": -1.2,
        "InstabilityReductionMedium": -1.4,
        "InstabilityReductionHeavy": -1.6,
        "InstabilityReductionAssault": -1.8,
        "InstabilityModifierFloor": 0.75,
        "InstabilityModifierDivisor": 5,
        "GutsBaseFloor": 0.7,
        "GutsDivisor": 35,
        "GutsModifierDivisor": 10,
        "DefaultMaxInjuries": 3,
        "GutsPenaltyFromHeadDamageMinor": 0,
        "GutsPenaltyFromHeadDamageMajor": 0,
        "InjuryPenaltyOnlyPastGuts": true,
        "UseFixedInjuryPenalty": true,
        "FixedInjuryPenalty": 1,
        "InjuryFromSideTorsoDestruction": true,
        "InjuryFromAmmoExplosion": true,
        "TurretAbilities":
        [
            "AbilityDefT8A",
			"AbilityDefTurretMulti"
        ]
    },
    "MoraleConstants":
    {
        "MoraleMin": 0,
        "MoraleMax": 150,
        "CanUseInspireLevel": 75,
        "InspireCost": 0,
        "AutoInspire": true,
        "UseOffensivePush": true,
        "OffensivePushCost": 10,
        "OffensivePushLowMoraleCost": 20,
        "OffensivePushHighMoraleCost": 5,
        "UseDefensivePush": true,
        "DefensivePushCost": 35,
        "DefensivePushLowMoraleCost": 50,
        "DefensivePushHighMoraleCost": 25,
        "MoraleInitialDefault": 5,
        "UseBaselineMoraleGainEachRound": true,
        "MoraleBaselineGainPerRound": 1,
        "MoraleBaselineMultiplyByActive": true,
        "BaselineMultiplyByActiveElites": true,
        "BaselineAddFromSimGame": true,
        "BaselineAddFromSimGameThresholds":
        [
            0,
            11,
            17,
            25,
            33
        ],
        "BaselineAddFromSimGameValues":
        [
            1,
            2,
            4,
            6,
            8
        ],
        "BaselineAddMoraleMods": true,
        "BaselineModsOnlyBiggest": true,
        "FreeStandUpAction": false,
        "CameraHighlight": false,
        "ThresholdMajorityHit": 0.75,
        "ThresholdMajorityMiss": 0.25,
        "ThresholdMinorArmor": 0.05,
        "ThresholdMajorArmor": 0.5,
        "ChangeEnemyCrit": 1,
        "ChangeEnemyAmmoExplodes": 1,
        "ChangeEnemyWeaponDestroyed": 1,
        "ChangeEnemyLocationDestroyed": 1,
        "ChangeMajorityAttackingShotsHit": 1,
        "ChangeEnemyMinorArmorDamage": 0.5,
        "ChangeEnemyMajorArmorDamage": 1,
        "ChangeEnemyKnockedDown": 4,
        "ChangeDFADealt": 5,
        "ChangeEnemyDestroyedLight": 3,
        "ChangeEnemyDestroyedMedium": 4,
        "ChangeEnemyDestroyedHeavy": 5,
        "ChangeEnemyDestroyedAssault": 6,
        "ChangeEnemyDestroyedMeleeAdditional": 2,
        "ChangeObjectiveCompleted": 2,
        "ChangeObjectiveFailed": -1,
        "ChangeAllyCrit": -2,
        "ChangeAllyAmmoExplodes": -2,
        "ChangeAllyWeaponDestroyed": -2,
        "ChangeAllyLocationDestroyed": -2,
        "ChangeAllyMinorArmorDamage": -1,
        "ChangeAllyMajorArmorDamage": -2,
        "ChangeAllyKnockedDown": -2,
        "ChangeDFAReceived": -1,
        "ChangeAllyDestroyedLight": -4,
        "ChangeAllyDestroyedMedium": -7.5,
        "ChangeAllyDestroyedHeavy": -9,
        "ChangeAllyDestroyedAssault": -12.5,
        "ChangeAllyDestroyedMeleeAdditional": -2,
        "CanAIBeInspired": true,
        "InspirationAccelerationMultiplier": 0.0,
        "InspiredEffect":
        {
            "durationData":
            {
                "duration": -1,
                "stackLimit": 1
            },
            "targetingData":
            {
                "effectTriggerType": "OnActivation",
                "effectTargetType": "SingleTarget"
            },
            "effectType": "StatisticEffect",
            "Description":
            {
                "Id": "AbilityDefInspired",
                "Name": "INSPIRED",
                "Details": "-2 DIFFICULTY TO ALL ROLLS",
                "Icon": "uixSvgIcon_mwInspired"
            },
            "statisticData":
            {
                "statName": "AccuracyModifier",
                "operation": "Float_Add",
                "modValue": "-2.0",
                "modType": "System.Single"
            },
            "nature": "Buff"
        }
    },
    "FuryConstants":
    {
        "MoraleMin": 0,
        "MoraleMax": 100,
        "CanUseInspireLevel": 100,
        "InspireCost": 100,
        "AutoInspire": false,
        "UseOffensivePush": true,
        "OffensivePushCost": 100,
        "OffensivePushLowMoraleCost": 100,
        "OffensivePushHighMoraleCost": 100,
        "UseDefensivePush": false,
        "MoraleInitialDefault": 5,
        "UseBaselineMoraleGainEachRound": true,
        "MoraleBaselineGainPerRound": 10,
        "MoraleBaselineMultiplyByActive": false,
        "FreeStandUpAction": true,
        "CameraHighlight": true,
        "ThresholdMajorityHit": 0.75,
        "ThresholdMajorityMiss": 0.25,
        "ThresholdMinorArmor": 0.05,
        "ThresholdMajorArmor": 0.1,
        "ChangeEnemyCrit": 0,
        "ChangeEnemyAmmoExplodes": 0,
        "ChangeEnemyWeaponDestroyed": 0,
        "ChangeEnemyLocationDestroyed": 0,
        "ChangeMajorityAttackingShotsHit": 0,
        "ChangeEnemyMinorArmorDamage": 0,
        "ChangeEnemyMajorArmorDamage": 0,
        "ChangeEnemyKnockedDown": 0,
        "ChangeDFADealt": 0,
        "ChangeEnemyDestroyedLight": 0,
        "ChangeEnemyDestroyedMedium": 0,
        "ChangeEnemyDestroyedHeavy": 0,
        "ChangeEnemyDestroyedAssault": 0,
        "ChangeEnemyDestroyedMeleeAdditional": 0,
        "ChangeObjectiveCompleted": 5,
        "ChangeObjectiveFailed": 0,
        "ChangeAllyCrit": 5,
        "ChangeAllyAmmoExplodes": 5,
        "ChangeAllyWeaponDestroyed": 5,
        "ChangeAllyLocationDestroyed": 5,
        "ChangeAllyMinorArmorDamage": 0,
        "ChangeAllyMajorArmorDamage": 0,
        "ChangeAllyKnockedDown": 5,
        "ChangeDFAReceived": 10,
        "ChangeAllyDestroyedLight": 10,
        "ChangeAllyDestroyedMedium": 20,
        "ChangeAllyDestroyedHeavy": 30,
        "ChangeAllyDestroyedAssault": 40,
        "ChangeAllyDestroyedMeleeAdditional": 10,
        "CanAIBeInspired": true,
        "InspirationAccelerationMultiplier": 0.5,
        "InspiredEffect":
        {
            "durationData":
            {
                "duration": 1,
                "ticksOnActivations": true,
                "useActivationsOfTarget": true
            },
            "targetingData":
            {
                "effectTriggerType": "OnActivation",
                "effectTargetType": "SingleTarget"
            },
            "effectType": "TagEffect",
            "Description":
            {
                "Id": "AbilityDefFocused",
                "Name": "FOCUSED",
                "Details": "IGNORE GUARDED AND EVASIVE",
                "Icon": "uixSvgIcon_mwInspired"
            },
            "nature": "Buff"
        }
    },
    "CombatUIConstants":
    {
        "sortWeaponsByAttackOrder" : true,
        "collapseWeaponTypesInTickMarks" : true,
        "floatieSizeSmall": 12,
        "floatieSizeMedium": 14,
        "floatieSizeLarge": 16,
        "floatieLifetime": 2.5,
        "MoveSpeedUpFactor": 15.0,
        "AttackSpeedUpFactor": 1.5,
        "showFLoatiesForMisses": false,
        "showFloatiesForDodges": true,
        "showStateRemovals": false,
        "ScreenShakeRangedDamageRelativeMod": 2.0,
        "ScreenShakeRangedDamageAbsoluteMod": 0.0,
        "ScreenShakeMeleeDamageRelativeMod": 2.0,
        "ScreenShakeMeleeDamageAbsoluteMod": 0.0,
        "ScreenShakeFootfallRelativeMod": 1.0,
        "ScreenShakeFootfallAbsoluteMod": 0.0,
        "ScreenShakeGroundImpactRelativeMod": 3.0,
        "ScreenShakeGroundImpactAbsoluteMod": 0.0,
        "ScreenShakeDFARelativeMod": 10.0,
        "ScreenShakeDFAAbsoluteMod": 0.0,
        "ScreenShakeMax": 1000.0,
        "PathingDeadZoneMinDist": 10.0,
        "PathingDeadZoneMaxDist": 30.0,
        "StabilityWarningRatio": 0.5,
        "StabilityDangerRatio": 0.75,
        "AutoSelectDuringInterleaved": false,
        "AutoSelectDuringNonInterleaved": false,
        "ShowDoneWithAllButton": true,
        "YourTurnText": "YOUR TURN",
        "EnemyTurnText": "ENEMY TURN",
        "AlliedTurnText": "ALLIED TURN",
        "NeutralTurnText": "NEUTRAL TURN",
        "RangeStrings":
		[
            {
                "k": "range_extreme",
                "v": "Extreme"
            },
            {
                "k": "range_very-long",
                "v": "Very Long"
            },
            {
                "k": "range_long",
                "v": "Long"
            },
            {
                "k": "range_standard",
                "v": "Standard"
            },
            {
                "k": "range_close",
                "v": "Close"
            },
            {
                "k": "default",
                "v": "Unknown"
            }
        ],
        "MoveDescription":
        {
            "Name": "MOVE",
            "Details": "Execute a normal move, gaining EVASIVE charges based on distance (+2 Difficulty to hit this unit with ranged attacks per EVASIVE charge). May also use to initiate a Melee attack on nearby enemies."
        },
        "SprintDescription":
        {
            "Name": "SPRINT",
            "Details": "Use this 'Mech's entire turn to move farther, gaining EVASIVE charges based on distance (+2 Difficulty to hit this unit with ranged attacks per EVASIVE charge). Cannot Sprint if UNSTEADY, or if a leg is destroyed."
        },
        "BackwardDescription":
        {
            "Name": "REVERSE",
            "Details": "Reverse-move at a slower speed to a nearby location, and set a new facing for this 'Mech."
        },
        "JumpDescription":
        {
            "Name": "JUMP",
            "Details": "Execute a jump move, gaining EVASIVE charges based on distance (+2 Difficulty to hit this unit with ranged attacks per EVASIVE charge). You may also use Jump to initiate a 'Death from Above' attack on nearby enemies."
        },
        "FireDescription":
        {
            "Name": "FIRE",
            "Details": "Fire selected weapons at any target within this 'Mech's current firing arc."
        },
        "MoraleBarDescription":
        {
            "Name": "Resolve",
            "Details": "Your lance gains <color=#F79B26>{0}</color> Resolve each round of combat. When the bar is at 50%, your MechWarriors become Inspired, gaining a +2 bonus to Accuracy for all attacks."
        },
        "FuryBarDescription":
        {
            "Name": "Fury",
            "Details": "Your lance gains Fury as bad things happen to it.\nWhen the bar fills, you can use it to perform a Precision Strike with one MechWarrior."
        },
        "MoraleAttackDescription":
        {
            "Name": "Offensive Push",
            "Details": "Take a Called Shot against a single target at +5 Penalty. The target's next Initiative is reduced by 1 (to a minimum of 1).\n"
        },
        "MoraleCostAttackDescription":
        {
            "Name": "PRECISION STRIKE COST",
            "Details": "Cost: 10 Resolve"
        },
        "MoraleCostAttackDescriptionFury":
        {
            "Name": "PRECISION STRIKE COST FURY",
            "Details": "Cost: 100 Fury"
        },
        "MoraleCostAttackDescriptionLow":
        {
            "Name": "PRECISION STRIKE COST LOW",
            "Details": "Cost: <color=#F04228FF>20 Resolve (this MechWarrior has Low Spirits)</color>"
        },
        "MoraleCostAttackDescriptionHigh":
        {
            "Name": "PRECISION STRIKE COST HIGH",
            "Details": "Cost: <color=#85DBF6FF>5 Resolve (this MechWarrior has High Spirits)</color>"
        },
        "MoraleDefendDescription":
        {
            "Name": "VIGILANCE",
            "Details": "Gain GUARDED and ENTRENCHED and remove all stability damage. Your next Initiative is increased by 1 (to a maximum of 5).\n"
        },
        "MoraleCostDefendDescription":
        {
            "Name": "VIGILANCE COST",
            "Details": "Cost: 30 Resolve"
        },
        "MoraleCostDefendDescriptionLow":
        {
            "Name": "VIGILANCE COST LOW",
            "Details": "Cost: <color=#F04228FF>40 Resolve (this MechWarrior has Low Spirits)</color>"
        },
        "MoraleCostDefendDescriptionHigh":
        {
            "Name": "VIGILANCE COST HIGH",
            "Details": "Cost: <color=#85DBF6FF>20 Resolve (this MechWarrior has High Spirits)</color>"
        },
        "FireMultiDescription":
        {
            "Name": "MULTI-TARGET",
            "Details": "Fire weapons at up to three separate targets within this 'Mech's current firing arc."
        },
        "DoneDescription":
        {
            "Name": "BRACE (END TURN)",
            "Details": "Remove UNSTEADY and end this 'Mech's turn. Gain GUARDED (25% damage reduction against ranged attacks to the front and side) and ENTRENCHED (50% stability damage reduction)."
        },
        "DoneDescriptionBulwark":
        {
            "Name": "BRACE (END TURN)",
            "Details": "Remove UNSTEADY and end this 'Mech's turn. Gain GUARDED (50% damage reduction against ranged attacks to the front and side) and ENTRENCHED (50% stability damage reduction)."
        },
        "DoneDescriptionNoBrace":
        {
            "Name": "END TURN",
            "Details": "End this 'Mech's turn."
        },
        "EjectDescription":
        {
            "Name": "EJECT",
            "Details": "Eject your pilot. They will be saved from further injuries, but their 'Mech will be unusable for the rest of this mission, and its Head location will be destroyed."
        },
        "BadFaithRetreatDesc":
        {
            "Name": "WITHDRAW (BAD FAITH)",
            "Details": "You are withdrawing in bad faith. Think of your reputation. Are you sure?"
        },
        "GoodFaithRetreatDesc":
        {
            "Name": "WITHDRAW (GOOD FAITH)",
            "Details": "You gave it your best. Are you sure you want to withdraw?"
        },
        "PoorlyMaintained25Desc":
        {
            "Name": "MAKESHIFT",
            "Details": "This unit has been maintained in a substandard way and carries only 75% of its normal armor.",
            "Icon": "uixSvgIcon_maint_Level0"
        },
        "PoorlyMaintained50Desc":
        {
            "Name": "SHODDY",
            "Details": "This unit has received little upkeep and resupply and carries only 50% of its normal armor.",
            "Icon": "uixSvgIcon_maint_Level1"
        },
        "PoorlyMaintained75Desc":
        {
            "Name": "RAMSHACKLE",
            "Details": "This unit has been kept in such poor condition that it barely holds together. It carries only 25% of its normal armor.",
            "Icon": "uixSvgIcon_maint_Level2"
        },
        "DangerousLocationDesc":
        {
            "Name": "DANGEROUS",
            "Details": "Units in this location are at risk of destruction."
        },
        "DrophipLocationDesc":
        {
            "Name": "DANGEROUS",
            "Details": "A DropShip is inbound to this location. Units here are at risk of destruction."
        },
        "MovementTutorialDesc":
        {
            "Name": "Unit Select",
            "Details": "Click on a MechWarrior's portrait, or press TAB to cycle between available units."
        },
        "MovementStageTwoTutorialDesc":
        {
            "Name": "Movement",
            "Details": "Move your mouse to the indicated point. Click once to select where you wish to move. Click again to choose which direction to face."
        },
        "FiringTutorialDesc":
        {
            "Name": "Firing",
            "Details": "Select a target with your mouse, or press TAB to cycle between targets. Click FIRE when ready."
        },
        "MeleeTutorialDesc":
        {
            "Name": "Melee Attack",
            "Details": "Click the Melee targeting reticle on the enemy, or press V to cycle through Melee targets. Then, click the Attack button."
        },
        "MoraleAttackTutorialDesc":
        {
            "Name": "unused-filled in by morale constants",
            "Details": "Select the {0} skill and fire at the enemy target. You may call a shot at any location on the target."
        },
        "MoraleDefendTutorialDesc":
        {
            "Name": "unused-filled in by morale constants",
            "Details": "Select the {0} skill and move to the target location."
        },
        "NonInterleaveIntroTutorialDesc":
        {
            "Name": "Team Movement",
            "Details": "Outside of combat, your entire lance moves in any order. You can even have multiple units moving at the same time."
        },
        "InterleaveIntroTutorialDesc":
        {
            "Name": "Combat Phases",
            "Details": "Once combat has begun, different 'Mechs move in different Phases. Lighter units generally move earlier than heavier ones.\nTo Reserve all units' actions to a later Phase, use the Reserve button, or press the End key."
        },
        "MoraleGeneralTutorialDesc":
        {
            "Name": "Resolve",
            "Details": "Your lance's Resolve (the blue bar next to your pilots) increases in each round of combat. When it is half full, your pilots will be Inspired (+2 Accuracy to all attacks)."
        },
        "MoraleGeneralStageTwoTutorialDesc":
        {
            "Name": "Resolve",
            "Details": "You can spend Resolve to use either of the Resolve abilities, {0} and {1}, located with the rest of the action buttons."
        },
        "CameraStageOneTutorialDesc":
        {
            "Name": "Camera Movement",
            "Details": "Move the mouse to the edge of the screen (or use W, A, S, and D) to move the camera."
        },
        "CameraStageTwoTutorialDesc":
        {
            "Name": "Camera Rotation",
            "Details": "Use the right mouse button (or Q and E) to rotate the camera."
        },
        "EvasiveTutorialDesc":
        {
            "Name": "Evasion",
            "Details": "The farther you move, the more EVASIVE charges you will gain. Each EVASIVE charge makes you harder to hit."
        },
        "InjuryStringAmmoExplosion":"killed by an explosion",
        "InjuryStringArtillery":"caught in a massive explosion",
        "InjuryStringDFAEnemy":"jumped on by an enemy {KILLEDBY_UNIT.Description.Name}",
        "InjuryStringDFAEnemyGeneric":"jumped on by an enemy 'Mech",
        "InjuryStringDFASelf":"killed while trying to jump on an enemy {KILLEDBY_UNIT.Description.Name}",
        "InjuryStringDFASelfGeneric":"killed while trying to jump on an enemy",
        "InjuryStringDropShip":"crushed by a DropShip",
        "InjuryStringHeadHit":"hit in the head by an enemy {KILLEDBY_UNIT.Description.Name}",
        "InjuryStringHeadHitGeneric":"killed by cockpit damage",
        "InjuryStringHeadHitMelee":"struck in the head by an enemy {KILLEDBY_UNIT.Description.Name}",
        "InjuryStringKilledByEnemy":"hit by an enemy {KILLEDBY_UNIT.Description.Name}",
        "InjuryStringKilledByEnemyGeneric":"lost in combat",
        "InjuryStringKnockdownGeneric":"killed in a fall",
        "InjuryStringKnockedDownBy":"knocked down by an enemy {KILLEDBY_UNIT.Description.Name}",
        "InjuryStringMelee":"struck by an enemy {KILLEDBY_UNIT.DisplayName}",
        "InjuryStringMeleeGeneric":"struck by a melee attack",
        "InjuryStringOverheatedEnemy":"overheated by an enemy {KILLEDBY_UNIT.Description.Name}",
        "InjuryStringOverheatedEnemyUnknown":"overheated by an enemy",
        "InjuryStringOverheatedSelf":"killed by overheating",
        "InjuryStringOverheatedSelfGeneric":"killed by overheating",
        "InjuryStringSideTorso":"killed by an enemy {KILLEDBY_UNIT.Description.Name}",
        "InjuryStringSideTorsoGeneric":"lost in combat",
        "InjuryStringUnknown":"lost in a misadventure",
        "InjuryStringWeapon":"killed by an enemy {KILLEDBY_UNIT.Description.Name}"
    },
	"CameraConstants": {
		"MoveSpeed": 560.0, /* acceleration of the camera */
		"MaxSpeed": 430.0, /* max top speed of the camera */
		"MoveFalloff": 0.5, /* this controls "friction" which slows the camera's momentum */
		"ZoomSpeed": 2000.0, /* how fast the camera zooms in and out, under player control */
		"RotationSpeed": 19.0, /* how fast the camera rotates via right mouse hold */
		"RotationSpeedKeyboard": 21.0, /* how fast the camera rotates via Q and E */
		"TargetRotLerpFactor": 1.55, /* how fast the camera will try to rotate to face its target during a camera sequence */
		"EdgePushSize": 0.025, /* the size of the "screen edge", where it will start pushing the camera */
		"EdgeAutoZoomSize": 0.25, /* the size of the "screen edge" when determining if the camera needs to refocus on an object */
		"MinDistToFocalPoint": 65.0, /* how close you can move the camera to its focal point */
		"MinHeightAboveTerrain": 20.0, /* minimum height the camera must be above terrain */
		"MaxHeightAboveTerrain": 600.0, /* maximum height the camera can reach above terrain, or to its focal point */
		"MinAngle": 5.0, /* how close you can get to looking flat toward the horizon - degrees */
		"MaxAngle": 90.0, /* how close you can get to looking vertically straight down - degrees */
		"DefaultAngle": 50.0, /* the starting vertical angle */
		"DefaultFOV": 40.0, /* default Field Of View that the camera will always return to from zoom-in cams */
		"TutorialMoveTime": 1.0, /* in first tutorial level... how long to pause after first successful "move" of camera before proceeding */
		"TimeBetweenTutorials": 0.5, /* ... time to pause before second tutorial */
		"TutorialRotateTime": 0.5, /* ... how long to pause after first successful "rotate" of camera before proceeding */
		"TargetCamPosMultiplierSide": 1.3, /* over-the-shoulder targeting cam - adjusts distance to the side of the firing mech */
		"TargetCamPosMultiplierBack": 3.5, /* over-the-shoulder targeting cam - adjusts distance back from the firing mech */
		"TargetCamPosMultiplierHeight": 1.1, /* over-the-shoulder targeting cam - adjusts distance up from the firing mech */
		"TargetCamTime": 0.2, /* time to move into over-the-shoulder cam */
		"RestorePlayerCamTime": 0.4, /* time for camera to move back to player controlled cam */
		"MovementCamTime": 0.25, /* time to move into position to show enemy moves (high angle) */
		"ShowAttackCamTime": 0.5, /* for non-cinematic zoom, time to move camera into final position */
		"ShakyCamTime": 0.75, /* for cinematic zoom on enemy movements, minimum time for the whole sequence (note, sequence can still be shorter than this) */
		"ShakyCamOffset": 0.5, /* max position change when showing "shaky" zoom-in cam */
		"ShakyMoveCamHeightMultiplier": 2.6, /* controls height when showing follow cam, and "fancy" melee cam */
		"FollowCamGroundMin": 1.2, /* settings for the follow cam... min height from ground */
		"FollowCamIdealHeight": 1.5, /* ... ideal height from ground */
		"FollowCamMinDistMult": 2.0, /* ... min and max follow dists (multiplied by height of unit) */
		"FollowCamMaxDistMult": 5.0,
		"FollowCamTime": 0.8, /* ... controls how "lazy" the camera is in follow mode. Max value of laziness is, of course, infinite */
		"FollowCamDelayTime": 0.5, /* ... at end of move, how long to pause before returning to player control */
		"CutAngleTolerance": 45.0, /* when you've zoomed in, and the angle is now greater than this amount, just cut back to player cam position instead of smoothing */
		"FramingSafeMultiplier": 1.5, /* used in low-level camera framing code, to figure out when to zoom to keep a point in frame */
		"FramingZoomMultiplier": 0.015, /* when auto-framing, this controls how far back to zoom */
		"FrameRightMultiplier": 2.0, /* framing constants, since the screen is not a square */
		"FrameUpMultiplier": 4.0,
		"TimeToShowNewBlips": 0.6, /* when zooming to newly revealed contacts, how long to show them */
		"MeleeAttackCamMinHeight": 85.0, /* used for non-cinematic purposes when showing units - for melee cam, as well as death cam */
		"CamDelayDeath": 0.6, /* this section controls delays for different events */
		"CamDelayBuildingDeath": 0.75,
		"CamDelayFall": 1.0,
		"CamDelayLocationDestroyed": 0.75,
		"CamDelayCriticalHit": 0.75,
		"CamDelayComponentDestroyed": 0.75,
		"CamDelayPilotInjured": 1.0,
		"CamDelayPilotInspired": 1.5,
		"CamDelayMiscInfo": 0.75,
		"CamMultiplierSlowMove": 5.0 /* this multiplier controls "slow start" camera zooms: mission begin, mission end, and non-cinematic player attack zooms */
    },
    "VFXNames": {
      "pilotEject": {
        "name": "vfxPrfPrtl_mechWarriorEject",
        "cacheCount": 1
      },
      "footfallBase": {
        "name": "vfxPrfPrtl_mechFootfall_",
        "cacheCount": 1
      },
      "groundImpactBase": {
        "name": "vfxPrfPrtl_mechFall_",
        "cacheCount": 1
      },
      "jumpjetLandBase": {
        "name": "vfxPrfPrtl_jumpJetLanding_",
        "cacheCount": 1
      },
      "mechDeath_centerTorso_A": {
        "name": "vfxPrfPrtl_mechDeathTotal_A",
        "cacheCount": 1
      },
      "mechDeath_centerTorso_B": {
        "name": "vfxPrfPrtl_mechDeathTotal_B",
        "cacheCount": 1
      },
      "mechDeath_centerTorso_C": {
        "name": "vfxPrfPrtl_mechDeathTotal_C",
        "cacheCount": 1
      },
      "mechDeath_cockpit": {
        "name": "vfxPrfPrtl_mechDeathCockpit",
        "cacheCount": 1
      },
      "mechDeath_gyro": {
        "name": "vfxPrfPrtl_mechDeathElectricalShutdown",
        "cacheCount": 1
      },
      "mechDeath_engine": {
        "name": "vfxPrfPrtl_mechDeathHeatShutdown",
        "cacheCount": 1
      },
      "mechDeath_legs": {
        "name": "vfxPrfPrtl_mechDeathLegs",
        "cacheCount": 1
      },
      "mechDeath_ammoExplosion_A": {
        "name": "vfxPrfPrtl_mechDeathTotal_A",
        "cacheCount": 1
      },
      "mechDeath_ammoExplosion_B": {
        "name": "vfxPrfPrtl_mechDeathTotal_B",
        "cacheCount": 1
      },
      "mechDeath_ammoExplosion_C": {
        "name": "vfxPrfPrtl_mechDeathTotal_C",
        "cacheCount": 1
      },
      "mechDeath_vitalComponent": {
        "name": "vfxPrfPrtl_mechDeathElectricalShutdown",
        "cacheCount": 1
      },
      "mechDeath_pilotKilled": {
        "name": "vfxPrfPrtl_mechDeathCockpit",
        "cacheCount": 1
      },
      "vehicleDeath_A": {
        "name": "vfxPrfPrtl_vehicleDeath_A",
        "cacheCount": 1
      },
      "vehicleDeath_B": {
        "name": "vfxPrfPrtl_vehicleDeath_B",
        "cacheCount": 1
      },
      "persistentDamage": [
        {
          "name": "vfxPrfPrtl_mechDmgSmokeLrg_loop",
          "cacheCount": 8
        },
        {
          "name": "vfxPrfPrtl_mechDmgSmokeSm_loop",
          "cacheCount": 8
        },
        {
          "name": "vfxPrfPrtl_mechDmgElectricalSm_loop",
          "cacheCount": 8
        },
        {
          "name": "vfxPrfPrtl_mechDmgElectricalLrg_loop",
          "cacheCount": 4
        },
        {
          "name": "vfxPrfPrtl_mechDmgSparks",
          "cacheCount": 8
        },
        {
          "name": "vfxPrfPrtl_mechDmgElectricalFailure_loop",
          "cacheCount": 2
        }
      ],
      "persistentCrit": [
        {
          "name": "vfxPrfPrtl_mechDmgFireLrg_loop",
          "cacheCount": 2
        },
        {
          "name": "vfxPrfPrtl_mechDmgFireSm_loop",
          "cacheCount": 2
        },
        {
          "name": "vfxPrfPrtl_mechDmgSmokeSpark_loop",
          "cacheCount": 2
        }
      ],
      "componentDestruction_A": {
        "name": "vfxPrfPrtl_mechDmgParkBreak_A",
        "cacheCount": 3
      },
      "componentDestruction_B": {
        "name": "vfxPrfPrtl_mechDmgParkBreak_B",
        "cacheCount": 3
      },
      "componentDestruction_C": {
        "name": "vfxPrfPrtl_mechDmgParkBreak_C",
        "cacheCount": 3
      },
      "componentDestruction_D": {
        "name": "vfxPrfPrtl_mechDmgParkBreak_shrapnel",
        "cacheCount": 3
      },
      "componentDestruction_AmmoExplosion": {
        "name": "vfxPrfPrtl_mechDmgCritAmmo",
        "cacheCount": 2
      },
      "deadMechLoop": {
        "name": "vfxPrfPrtl_mechDmgDead_loop",
        "cacheCount": 6
      },
	  "deadMechLoop_A": {
        "name": "vfxPrfPrtl_mechDmgDead_A_loop",
        "cacheCount": 6
      },
	  "deadMechLoop_B": {
        "name": "vfxPrfPrtl_mechDmgDead_B_loop",
        "cacheCount": 6
      },
	  "deadMechLoop_C": {
        "name": "vfxPrfPrtl_mechDmgDead_C_loop",
        "cacheCount": 6
      },
	  "deadMechLoop_D": {
        "name": "vfxPrfPrtl_mechDmgDead_loop",
        "cacheCount": 6
      },
      "heat_midHeat_persistent": {
        "name": "vfxPrfPrtl_heatVentSm_loop",
        "cacheCount": 3
      },
      "heat_highHeat_persistent": {
        "name": "vfxPrfPrtl_heatVentLrg_loop",
        "cacheCount": 3
      },
      "heat_heatVent_small": {
        "name": "vfxPrfPrtl_heatDumpSm_burst",
        "cacheCount": 1
      },
      "heat_heatVent_large": {
        "name": "vfxPrfPrtl_heatDumpLrg_burst",
        "cacheCount": 1
      },
      "heat_heatVent_shutdown": {
        "name": "vfxPrfPrtl_heatDumpLrg_burst",
        "cacheCount": 1
      },
      "heat_heatShutdown": {
        "name": "vfxPrfPrtl_overheatStatusLrg_loop",
        "cacheCount": 2
      },
      "heat_coolantVent": {
        "name": "vfxPrfPrtl_coolantVent",
        "cacheCount": 1
      },
      "flames_loop_small": {
        "name": "vfxPrfPrtl_fireTerrain_smLoop",
        "cacheCount": 1
      },
      "flames_loop_medium": {
        "name": "vfxPrfPrtl_fireTerrain_medLoop",
        "cacheCount": 1
      },
      "flames_loop_large": {
        "name": "vfxPrfPrtl_fireTerrain_lrgLoop",
        "cacheCount": 1
      },
      "flames_single_small": {
        "name": "vfxPrfPrtl_fireTerrain_smOneShot",
        "cacheCount": 1
      },
      "flames_single_large": {
        "name": "vfxPrfPrtl_fireTerrain_lrgOneShot",
        "cacheCount": 1
      },
      "flames_trees_small": {
        "name": "vfxPrfPrtl_fireTree_sm",
        "cacheCount": 1
      },
      "flames_trees_large": {
        "name": "vfxPrfPrtl_fireTree_lrg",
        "cacheCount": 1
      },
      "flamer_impact": {
        "name": "vfxPrfPrtl_weaponFlamerImpact",
        "cacheCount": 4
      },
      "flamer_persistent": {
        "name": "vfxPrfPrtl_weaponFlamerBurningLrg",
        "cacheCount": 4
      },
      "directionalExplosion_small": {
        "name": "vfxPrfPrtl_explosionDirectedSm_debris",
        "cacheCount": 1
      },
      "directionalExplosion_medium": {
        "name": "vfxPrfPrtl_explosionDirectedMed_debris",
        "cacheCount": 1
      },
      "directionalExplosion_large": {
        "name": "vfxPrfPrtl_explosionDirectedLrg_debris",
        "cacheCount": 1
      },
      "directionalExplosion_electrical": {
        "name": "vfxPrfPrtl_explosionDirectedLrg_electric",
        "cacheCount": 1
      },
      "directionalExplosion_energy": {
        "name": "vfxPrfPrtl_explosionDirectedLrg_scifi",
        "cacheCount": 1
      },
      "jumpjet_launch": {
        "name": "vfxPrfSys_jumpJetLaunch",
        "cacheCount": 5
      },
      "artillery_incoming": {
        "name": "vfxPrfPrtl_artilleryProjectiles",
        "cacheCount": 1
      },
      "artillery_explosion": {
        "name": "vfxPrfPrtl_propaneTankExplosion",
		"cacheCount": 1
      },
      "artillery_projectile_single": {
        "name": "vfxPrfPrtl_artilleryProjectile_single",
        "cacheCount": 1
      },
      "artillery_impact_single": {
        "name": "vfxPrfPrtl_artilleryImpact_single",
        "cacheCount": 1
      },
      "artillery_projectile_barrage": {
        "name": "vfxPrfPrtl_artilleryProjectile_barrage",
		"cacheCount": 1
      },
      "artillery_impact_barrage": {
        "name": "vfxPrfPrtl_artilleryImpact_barrage",
		"cacheCount": 1
      },
      "artillery_orbital_ppc": {
        "name": "vfxPrfPrtl_orbitalPPC_oneshot",
        "cacheCount": 1
      }
    },
    "MoveConstants":
    {
        "MoveTable": 
		[
			30,
            60,
            90,
            120,
            150,
            180,
            210,
            240,
            255,
            270,
            280,
            290,
            295,
            300
		],
        "RotateInPlaceThreshold": 22.0,
        "MeleeDistance": 5.0,
        "DefaultMeleeEngageRange": 100.0,
        "OverheatedMovePenalty": 0.0,
        "LegDamageYellowPenalty": 0.1,
        "LegDamageRedPenalty": 0.2,
        "LegDestroyedPenalty": 0.4,
        "MinMoveSpeed": 0.25,
		"JumpjetVelocityMultiplier" : 1.25,
		"DEBUG_UseJumpjetDuration" : true,
		"DEBUG_JumpjetDuration" : 3.5,
        "JumpjetMinHeight": 40.0,
        "DFAMinHeight": 70.0,
		"DFAExecutionHeight" : 25.0,
        "ExperimentalFlag": true,
        "ExperimentalGridDistance": 24.0,
        "ExperimentalHexRadius": 4,
        "MaxMeleeVerticalOffset": 8.0,
        "NumMeleeDestinationChoices": 6,
        "SortMeleeHexesByPathingCost": false,
        "NumDFADestinationChoices": 6,
        "ExperimentalDotForestColorR": 0.424,
        "ExperimentalDotForestColorG": 0.875,
        "ExperimentalDotForestColorB": 0.424,
        "ExperimentalDotWaterColorR": 0.447,
        "ExperimentalDotWaterColorG": 0.878,
        "ExperimentalDotWaterColorB": 1.0,
        "ExperimentalDotDistantColorR": 0.25,
        "ExperimentalDotDistantColorG": 0.25,
        "ExperimentalDotDistantColorB": 0.25,
        "PathBlockerGradeMultiplier": 1.25
    },
    "DynamicAIRoleConstants":
    {
        "hysteresis": 0.1,
        "brawlerMinAbs": 0,
        "brawlerMaxFrac": 1.0,
        "brawlerTagMultiplier": 2.0,
        "sniperMinAbs": 0,
        "sniperMaxFrac": 0.5,
        "sniperTagMultiplier": 2.0
    }
}
