{
	"difficultyList": [
		{
			"ID": "diff_ironMan",
			"Name": "Ironman Mode",
			"UIOrder": 0,
			"Tooltip": "Ironman Mode restricts you to only one save file. All consequences, including 'Mech loss, MechWarrior death, and failed missions are <i>permanent</i>. <color=#F79B26>Running out of funds <i>or</i> failing any Priority Mission will result in campaign loss. This setting is intended for veterans and those seeking a significant challenge.</color>",
			"Enabled": true,
			"Visible": true,
			"Toggle": true,
			"StartOnly": true,
			"DefaultIndex": 1,
			"Options": [
				{
					"ID": "diff_IM_off",
					"Name": "Off",
					"DifficultyValue": 0,
					"DifficultyConstants": [
						{
							"ConstantType": "Story",
							"ConstantName": "IronManMode",
							"ConstantValue": "False"
						}
					]
				},
				{
					"ID": "diff_IM_on",
					"Name": "On",
					"DifficultyValue": 3,
					"DifficultyConstants": [
						{
							"ConstantType": "Story",
							"ConstantName": "IronmanMode",
							"ConstantValue": "True"
						}
					]
				}
			]
		},
		{
			"ID": "diff_mechConstruction",
			"Name": "Parts for 'Mech Assembly",
			"UIOrder": 2,
			"Tooltip": "<color=#F79B26>USE SECOND SETTING!</color>This setting controls the number of salvaged or purchased 'Mech parts you must acquire to assemble a new 'Mech. Increase this value to make new 'Mechs rarer and more difficult to obtain. <color=#F79B26>hardcoded to be ontop</color> <color=#00e600>Save and reload to change during Play</color>",
			"Enabled": true,
			"Visible": true,
			"Toggle": false,
			"StartOnly": false,
			"DefaultIndex": 2,
			"Options": [
				{
					"ID": "diff_MC_easy",
					"Name": "3",
					"DifficultyValue": 0,
					"DifficultyConstants": [
						{
							"ConstantType": "Story",
							"ConstantName": "DefaultMechPartMax",
							"ConstantValue": "3"
						}
					]
				},
				{
					"ID": "diff_MC_easy2",
					"Name": "4",
					"DifficultyValue": 1,
					"DifficultyConstants": [
						{
							"ConstantType": "Story",
							"ConstantName": "DefaultMechPartMax",
							"ConstantValue": "4"
						}
					]
				},				
				{
					"ID": "diff_MC_med",
					"Name": "5",
					"DifficultyValue": 1,
					"DifficultyConstants": [
						{
							"ConstantType": "Story",
							"ConstantName": "DefaultMechPartMax",
							"ConstantValue": "5"
						}
					]
				},
				{
					"ID": "diff_MC_med2",
					"Name": "6",
					"DifficultyValue": 1,
					"DifficultyConstants": [
						{
							"ConstantType": "Story",
							"ConstantName": "DefaultMechPartMax",
							"ConstantValue": "6"
						}
					]
				},	
				{
					"ID": "diff_MC_med",
					"Name": "7",
					"DifficultyValue": 2,
					"DifficultyConstants": [
						{
							"ConstantType": "Story",
							"ConstantName": "DefaultMechPartMax",
							"ConstantValue": "7"
						}
					]
				},				
				{
					"ID": "diff_MC_hard",
					"Name": "8",
					"DifficultyValue": 3,
					"DifficultyConstants": [
						{
							"ConstantType": "Story",
							"ConstantName": "DefaultMechPartMax",
							"ConstantValue": "8"
						}
					]
				}
			]
		},
        {
            "ID" : "diff_mechDestruction",
            "Name" : "'Mech Recovery Chance",
			"UIOrder" : 3,
            "Tooltip" : "This setting defines chance to recover a destroyed 'Mech before KIA(+10%) and EJECT(+50%) recovery bonus. <color=#F79B26>defines the chance of getting your oen mech back for free</color>",
            "Enabled" : true,
            "Visible" : true,
            "Toggle" : false,
            "StartOnly" : false,
            "DefaultIndex" : 9,
            "Options" : [
                {
                    "ID" : "diff_MD_100",
                    "Name" : "100%",
                    "DifficultyValue" : 0,
                    "DifficultyConstants" : [
                        {
                            "ConstantType" : "Salvage",
                            "ConstantName" : "DestroyedMechRecoveryChance",
                            "ConstantValue" : "1"
                        }
                    ]
                },
                {
                    "ID" : "diff_MD_90",
                    "Name" : "90%",
                    "DifficultyValue" : 0,
                    "DifficultyConstants" : [
                        {
                            "ConstantType" : "Salvage",
                            "ConstantName" : "DestroyedMechRecoveryChance",
                            "ConstantValue" : "0.9"
                        }
                    ]
                },
                {
                    "ID" : "diff_MD_80",
                    "Name" : "80%",
                    "DifficultyValue" : 0,
                    "DifficultyConstants" : [
                        {
                            "ConstantType" : "Salvage",
                            "ConstantName" : "DestroyedMechRecoveryChance",
                            "ConstantValue" : "0.8"
                        }
                    ]
                },	
                {
                    "ID" : "diff_MD_70",
                    "Name" : "70%",
                    "DifficultyValue" : 0,
                    "DifficultyConstants" : [
                        {
                            "ConstantType" : "Salvage",
                            "ConstantName" : "DestroyedMechRecoveryChance",
                            "ConstantValue" : "0.7"
                        }
                    ]
                },	
                {
                    "ID" : "diff_MD_60",
                    "Name" : "60%",
                    "DifficultyValue" : 0,
                    "DifficultyConstants" : [
                        {
                            "ConstantType" : "Salvage",
                            "ConstantName" : "DestroyedMechRecoveryChance",
                            "ConstantValue" : "0.6"
                        }
                    ]
                },	
                {
                    "ID" : "diff_MD_50",
                    "Name" : "50%",
                    "DifficultyValue" : 0,
                    "DifficultyConstants" : [
                        {
                            "ConstantType" : "Salvage",
                            "ConstantName" : "DestroyedMechRecoveryChance",
                            "ConstantValue" : "0.5"
                        }
                    ]
                },	
                {
                    "ID" : "diff_MD_40",
                    "Name" : "40%",
                    "DifficultyValue" : 0,
                    "DifficultyConstants" : [
                        {
                            "ConstantType" : "Salvage",
                            "ConstantName" : "DestroyedMechRecoveryChance",
                            "ConstantValue" : "0.4"
                        }
                    ]
                },
                {
                    "ID" : "diff_MD_30",
                    "Name" : "30%",
                    "DifficultyValue" : 0,
                    "DifficultyConstants" : [
                        {
                            "ConstantType" : "Salvage",
                            "ConstantName" : "DestroyedMechRecoveryChance",
                            "ConstantValue" : "0.3"
                        }
                    ]
                },	
                {
                    "ID" : "diff_MD_20",
                    "Name" : "20%",
                    "DifficultyValue" : 0,
                    "DifficultyConstants" : [
                        {
                            "ConstantType" : "Salvage",
                            "ConstantName" : "DestroyedMechRecoveryChance",
                            "ConstantValue" : "0.2"
                        }
                    ]
                },	
                {
                    "ID" : "diff_MD_10",
                    "Name" : "10%",
                    "DifficultyValue" : 0,
                    "DifficultyConstants" : [
                        {
                            "ConstantType" : "Salvage",
                            "ConstantName" : "DestroyedMechRecoveryChance",
                            "ConstantValue" : "0.1"
                        }
                    ]
                },					
                {
                    "ID" : "diff_MD_on",
                    "Name" : "00%",
                    "DifficultyValue" : 2,
                    "DifficultyConstants" : [
                        {
                            "ConstantType" : "Salvage",
                            "ConstantName" : "DestroyedMechRecoveryChance",
                            "ConstantValue" : "0"
                        }
                    ]
                }
            ]
        },		
		{
			"ID": "diff_contractDifficulty",
			"Name": "Enemy Force Strength",
			"UIOrder": 4,
			"Tooltip": "This setting changes enemy lance strength by roughly 1 half skull per difficulty setting.",
			"Enabled": true,
			"Visible": true,
			"Toggle": false,
			"StartOnly": false,
			"DefaultIndex": 5,
			"Options": [
				{
					"ID": "diff_CMD_veryeasy",
					"Name": "VeryEasy",
					"DifficultyValue": -2,
					"DifficultyConstants": [
						{
							"ConstantType": "Story",
							"ConstantName": "ContractDifficultyMod",
							"ConstantValue": "-2"
						}
					]
				},			
				{
					"ID": "diff_CMD_easy",
					"Name": "Don't hurt me",
					"DifficultyValue": -1,
					"DifficultyConstants": [
						{
							"ConstantType": "Story",
							"ConstantName": "ContractDifficultyMod",
							"ConstantValue": "-1"
						}
					]
				},
				{
					"ID": "diff_CMD_med",
					"Name": "Normal",
					"DifficultyValue": 0,
					"DifficultyConstants": [
						{
							"ConstantType": "Story",
							"ConstantName": "ContractDifficultyMod",
							"ConstantValue": "0"
						}
					]
				},
				{
					"ID": "diff_CMD_hard",
					"Name": "Hard",
					"DifficultyValue": 1,
					"DifficultyConstants": [
						{
							"ConstantType": "Story",
							"ConstantName": "ContractDifficultyMod",
							"ConstantValue": "1"
						}
					]
				},
				{
					"ID": "diff_CMD_veryhard",
					"Name": "Mercenary",
					"DifficultyValue": 2,
					"DifficultyConstants": [
						{
							"ConstantType": "Story",
							"ConstantName": "ContractDifficultyMod",
							"ConstantValue": "2"
						}
					]
				},				
				{
					"ID": "diff_CMD_pirate",
					"Name": "Pirate",
					"DifficultyValue": 3,
					"DifficultyConstants": [
						{
							"ConstantType": "Story",
							"ConstantName": "ContractDifficultyMod",
							"ConstantValue": "3"
						}
					]
				},
				{
					"ID": "diff_CMD_warlord",
					"Name": "Warlord",
					"DifficultyValue": 4,
					"DifficultyConstants": [
						{
							"ConstantType": "Story",
							"ConstantName": "ContractDifficultyMod",
							"ConstantValue": "4"
						}
					]
				},
				{
					"ID": "diff_CMD_Clanner",
					"Name": "Clanner",
					"DifficultyValue": 5,
					"DifficultyConstants": [
						{
							"ConstantType": "Story",
							"ConstantName": "ContractDifficultyMod",
							"ConstantValue": "5"
						}
					]
				},
				{
					"ID": "diff_CMD_nothing",
					"Name": "'Tis nothing",
					"DifficultyValue": 6,
					"DifficultyConstants": [
						{
							"ConstantType": "Story",
							"ConstantName": "ContractDifficultyMod",
							"ConstantValue": "6"
						}
					]
				},				
				{
					"ID": "diff_CMD_bringit",
					"Name": "Bring It!",
					"DifficultyValue": 7,
					"DifficultyConstants": [
						{
							"ConstantType": "Story",
							"ConstantName": "ContractDifficultyMod",
							"ConstantValue": "7"
						}
					]
				},
				{
					"ID": "diff_CMD_HMPlenty",
					"Name": "Hurt me Plenty",
					"DifficultyValue": 8,
					"DifficultyConstants": [
						{
							"ConstantType": "Story",
							"ConstantName": "ContractDifficultyMod",
							"ConstantValue": "8"
						}
					]
				},
				{
					"ID": "diff_CMD_nightmare",
					"Name": "Nightmare",
					"DifficultyValue": 9,
					"DifficultyConstants": [
						{
							"ConstantType": "Story",
							"ConstantName": "ContractDifficultyMod",
							"ConstantValue": "9"
						}
					]
				},				
				{
					"ID": "diff_CMD_spankme",
					"Name": "SPANK ME!",
					"DifficultyValue": 10,
					"DifficultyConstants": [
						{
							"ConstantType": "Story",
							"ConstantName": "ContractDifficultyMod",
							"ConstantValue": "10"
						}
					]
				}				
			]
		},		
		{
			"ID": "diff_DifficVariance",
			"Name": "Contract Difficulty Variance",
			"UIOrder": 6,
			"Tooltip": "Set your Choice of Maximum difficulty difference between generated contracts<color=#F79B26>Each number is a half skull difference to your global difficulty.</color>",
			"Enabled": true,
			"Visible": true,
			"Toggle": false,
			"StartOnly": false,
			"DefaultIndex": 5,
			"Options": [
				{
					"ID": "diff_DV_5",
					"Name": "5",
					"DifficultyValue": 0,
					"DifficultyConstants": [
						{
							"ConstantType": "Story",
							"ConstantName": "ContractDifficultyVariance",
							"ConstantValue": "5"
						}
					]
				},
				{
					"ID": "diff_DV_4",
					"Name": "4",
					"DifficultyValue": 0,
					"DifficultyConstants": [
						{
							"ConstantType": "Story",
							"ConstantName": "ContractDifficultyVariance",
							"ConstantValue": "4"
						}
					]
				},
				{
					"ID": "diff_DV_3",
					"Name": "3",
					"DifficultyValue": 0,
					"DifficultyConstants": [
						{
							"ConstantType": "Story",
							"ConstantName": "ContractDifficultyVariance",
							"ConstantValue": "3"
						}
					]
				},
				{
					"ID": "diff_DV_2",
					"Name": "2",
					"DifficultyValue": 0,
					"DifficultyConstants": [
						{
							"ConstantType": "Story",
							"ConstantName": "ContractDifficultyVariance",
							"ConstantValue": "2"
						}
					]
				},
				{
					"ID": "diff_DV_1",
					"Name": "1",
					"DifficultyValue": 0,
					"DifficultyConstants": [
						{
							"ConstantType": "Story",
							"ConstantName": "ContractDifficultyVariance",
							"ConstantValue": "1"
						}
					]
				},
				{
					"ID": "diff_DV_0",
					"Name": "0",
					"DifficultyValue": 0,
					"DifficultyConstants": [
						{
							"ConstantType": "Story",
							"ConstantName": "ContractDifficultyVariance",
							"ConstantValue": "0"
						}
					]
				}				
			]
		},
		{
			"ID": "diff_contractPayment",
			"Name": "Contract Payment",
			"UIOrder": 7,
			"Tooltip": "This setting controls the amount of C-Bills paid by contracts across the entire game. Adjust this setting to make the economic gameplay more or less forgiving.",
			"Enabled": true,
			"Visible": true,
			"Toggle": false,
			"StartOnly": false,
			"DefaultIndex": 2,
			"Options": [
				{
					"ID": "diff_CP_easy",
					"Name": "Generous",
					"DifficultyValue": 0,
					"DifficultyConstants": [
						{
							"ConstantType": "Finances",
							"ConstantName": "ContractPricePerDifficulty",
							"ConstantValue": "300000"
						}
					]
				},
				{
					"ID": "diff_CP_med",
					"Name": "Normal",
					"DifficultyValue": 0,
					"DifficultyConstants": [
						{
							"ConstantType": "Finances",
							"ConstantName": "ContractPricePerDifficulty",
							"ConstantValue": "200000"
						}
					]
				},
				{
					"ID": "diff_CP_hard",
					"Name": "Stingy",
					"DifficultyValue": 0,
					"DifficultyConstants": [
						{
							"ConstantType": "Finances",
							"ConstantName": "ContractPricePerDifficulty",
							"ConstantValue": "150000"
						}
					]
				},
				{
					"ID": "diff_CP_superhard",
					"Name": "Cheapskate",
					"DifficultyValue": 0,
					"DifficultyConstants": [
						{
							"ConstantType": "Finances",
							"ConstantName": "ContractPricePerDifficulty",
							"ConstantValue": "100000"
						}
					]
				}
			]
		},
		{
			"ID": "diff_baseSalvage",
			"Name": "Salvage",
			"UIOrder": 8,
			"Tooltip": "This setting changes the amount of salvage you may obtain from negotiation. Adjust this setting to make the economic gameplay more or less forgiving.",
			"Enabled": true,
			"Visible": true,
			"Toggle": false,
			"StartOnly": false,
			"DefaultIndex": 2,
			"Options": [
				{
					"ID": "diff_BS_high",
					"Name": "Generous",
					"DifficultyValue": -1,
					"DifficultyConstants": [
						{
							"ConstantType": "Finances",
							"ConstantName": "ContractFloorSalvageBonus",
							"ConstantValue": "2"
						}
					]
				},
				{
					"ID": "diff_BS_med",
					"Name": "Normal",
					"DifficultyValue": 0,
					"DifficultyConstants": [
						{
							"ConstantType": "Finances",
							"ConstantName": "ContractFloorSalvageBonus",
							"ConstantValue": "1"
						}
					]
				},
				{
					"ID": "diff_BS_low",
					"Name": "Stingy",
					"DifficultyValue": 1,
					"DifficultyConstants": [
						{
							"ConstantType": "Finances",
							"ConstantName": "ContractFloorSalvageBonus",
							"ConstantValue": "0"
						}
					]
				}
			]
		},
		{
			"ID": "diff_CommanderEXP",
			"Name": "Commander Experience Points",
			"UIOrder": 9,
			"Tooltip": "Use this to decide for the starting Experience of your Commander",
			"Enabled": true,
			"Visible": true,
			"Toggle": false,
			"StartOnly": false,
			"DefaultIndex": 3,
			"Options": [
				{
					"ID": "diff_CMDEXP_easy2",
					"Name": "10000",
					"DifficultyValue": 0,
					"DifficultyConstants": [
						{
							"ConstantType": "Story",
							"ConstantName": "CommanderStartingExperience",
							"ConstantValue": "10000"
						}
					]
				},			
				{
					"ID": "diff_CMDEXP_easy",
					"Name": "7000",
					"DifficultyValue": 0,
					"DifficultyConstants": [
						{
							"ConstantType": "Story",
							"ConstantName": "CommanderStartingExperience",
							"ConstantValue": "7000"
						}
					]
				},
				{
					"ID": "diff_CMDEXP_normal",
					"Name": "3500",
					"DifficultyValue": 0,
					"DifficultyConstants": [
						{
							"ConstantType": "Story",
							"ConstantName": "CommanderStartingExperience",
							"ConstantValue": "3500"
						}
					]
				},
				{
					"ID": "diff_CMDEXP_hard",
					"Name": "1750",
					"DifficultyValue": 1,
					"DifficultyConstants": [
						{
							"ConstantType": "Story",
							"ConstantName": "CommanderStartingExperience",
							"ConstantValue": "1750"
						}
					]
				}
			]
		},		
		{
			"ID": "diff_advancedPilots",
			"Name": "Advanced MechWarriors",
			"UIOrder": 10,
			"Tooltip": "In the later parts of the game, new MechWarriors in the Hiring Hall will often have better stats and skills than in the early parts of the game. Modify this setting to change the frequency of new MechWarriors having these improvements.",
			"Enabled": true,
			"Visible": true,
			"Toggle": false,
			"StartOnly": false,
			"DefaultIndex": 2,
			"Options": [
				{
					"ID": "diff_CMD_easy",
					"Name": "Often",
					"DifficultyValue": 0,
					"DifficultyConstants": [
						{
							"ConstantType": "Pilot",
							"ConstantName": "ContractDifficultyMod",
							"ConstantValue": "0.12"
						}
					]
				},
				{
					"ID": "diff_CMD_med",
					"Name": "Normal",
					"DifficultyValue": 0,
					"DifficultyConstants": [
						{
							"ConstantType": "Pilot",
							"ConstantName": "ContractDifficultyMod",
							"ConstantValue": "0.08"
						}
					]
				},
				{
					"ID": "diff_CMD_hard",
					"Name": "Rare",
					"DifficultyValue": 0,
					"DifficultyConstants": [
						{
							"ConstantType": "Pilot",
							"ConstantName": "ContractDifficultyMod",
							"ConstantValue": "0.04"
						}
					]
				}
			]
		},
		{
			"ID": "diff_pilotRonin",
			"Name": "Ronin Hire Chance",
			"UIOrder": 11,
			"Tooltip": "This setting controls the chance of hiring ronin",
			"Enabled": true,
			"Visible": true,
			"Toggle": false,
			"StartOnly": false,
			"DefaultIndex": 8,
			"Options": [
				{
					"ID": "diff_Ronin_only",
					"Name": "100%",
					"DifficultyValue": 0,
					"DifficultyConstants": [
						{
							"ConstantType": "Story",
							"ConstantName": "DefaultRoninHiringChance",
							"ConstantValue": "1.0"
						}
					]
				},
				{
					"ID": "diff_Ronin_90",
					"Name": "90%",
					"DifficultyValue": 0,
					"DifficultyConstants": [
						{
							"ConstantType": "Story",
							"ConstantName": "DefaultRoninHiringChance",
							"ConstantValue": "0.9"
						}
					]
				},
				{
					"ID": "diff_Ronin_80",
					"Name": "80%",
					"DifficultyValue": 0,
					"DifficultyConstants": [
						{
							"ConstantType": "Story",
							"ConstantName": "DefaultRoninHiringChance",
							"ConstantValue": "0.8"
						}
					]
				},
				{
					"ID": "diff_Ronin_70",
					"Name": "70%",
					"DifficultyValue": 0,
					"DifficultyConstants": [
						{
							"ConstantType": "Story",
							"ConstantName": "DefaultRoninHiringChance",
							"ConstantValue": "0.7"
						}
					]
				},
				{
					"ID": "diff_Ronin_60",
					"Name": "60%",
					"DifficultyValue": 0,
					"DifficultyConstants": [
						{
							"ConstantType": "Story",
							"ConstantName": "DefaultRoninHiringChance",
							"ConstantValue": "0.6"
						}
					]
				},
				{
					"ID": "diff_Ronin_50",
					"Name": "50%",
					"DifficultyValue": 0,
					"DifficultyConstants": [
						{
							"ConstantType": "Story",
							"ConstantName": "DefaultRoninHiringChance",
							"ConstantValue": "0.5"
						}
					]
				},
				{
					"ID": "diff_Ronin_40",
					"Name": "40%",
					"DifficultyValue": 0,
					"DifficultyConstants": [
						{
							"ConstantType": "Story",
							"ConstantName": "DefaultRoninHiringChance",
							"ConstantValue": "0.4"
						}
					]
				},	
				{
					"ID": "diff_Ronin_30",
					"Name": "30%",
					"DifficultyValue": 0,
					"DifficultyConstants": [
						{
							"ConstantType": "Story",
							"ConstantName": "DefaultRoninHiringChance",
							"ConstantValue": "0.3"
						}
					]
				},
				{
					"ID": "diff_Ronin_20",
					"Name": "20%",
					"DifficultyValue": 0,
					"DifficultyConstants": [
						{
							"ConstantType": "Story",
							"ConstantName": "DefaultRoninHiringChance",
							"ConstantValue": "0.2"
						}
					]
				},
				{
					"ID": "diff_Ronin_10",
					"Name": "10%",
					"DifficultyValue": 0,
					"DifficultyConstants": [
						{
							"ConstantType": "Story",
							"ConstantName": "DefaultRoninHiringChance",
							"ConstantValue": "0.1"
						}
					]
				},	
				{
					"ID": "diff_Ronin_never",
					"Name": "never",
					"DifficultyValue": 0,
					"DifficultyConstants": [
						{
							"ConstantType": "Story",
							"ConstantName": "DefaultRoninHiringChance",
							"ConstantValue": "0.0"
						}
					]
				}				
			]
		},
		{
			"ID": "diff_pilotpersystem",
			"Name": "Pilots per system",
			"UIOrder": 12,
			"Tooltip": "This setting controls the Pilots avaible per System",
			"Enabled": true,
			"Visible": true,
			"Toggle": false,
			"StartOnly": false,
			"DefaultIndex": 8,
			"Options": [
				{
					"ID": "diff_pilotssys_10",
					"Name": "10",
					"DifficultyValue": 0,
					"DifficultyConstants": [
						{
							"ConstantType": "Story",
							"ConstantName": "DefaultPilotsPerSystem",
							"ConstantValue": "10"
						}
					]
				},
				{
					"ID": "diff_pilotssys_9",
					"Name": "9",
					"DifficultyValue": 0,
					"DifficultyConstants": [
						{
							"ConstantType": "Story",
							"ConstantName": "DefaultPilotsPerSystem",
							"ConstantValue": "9"
						}
					]
				},
				{
					"ID": "diff_pilotssys_8",
					"Name": "8",
					"DifficultyValue": 0,
					"DifficultyConstants": [
						{
							"ConstantType": "Story",
							"ConstantName": "DefaultPilotsPerSystem",
							"ConstantValue": "8"
						}
					]
				},
				{
					"ID": "diff_pilotssys_7",
					"Name": "7",
					"DifficultyValue": 0,
					"DifficultyConstants": [
						{
							"ConstantType": "Story",
							"ConstantName": "DefaultPilotsPerSystem",
							"ConstantValue": "7"
						}
					]
				},
				{
					"ID": "diff_pilotssys_6",
					"Name": "6",
					"DifficultyValue": 0,
					"DifficultyConstants": [
						{
							"ConstantType": "Story",
							"ConstantName": "DefaultPilotsPerSystem",
							"ConstantValue": "6"
						}
					]
				},
				{
					"ID": "diff_pilotssys_5",
					"Name": "5",
					"DifficultyValue": 0,
					"DifficultyConstants": [
						{
							"ConstantType": "Story",
							"ConstantName": "DefaultPilotsPerSystem",
							"ConstantValue": "5"
						}
					]
				},
				{
					"ID": "diff_pilotssys_4",
					"Name": "4",
					"DifficultyValue": 0,
					"DifficultyConstants": [
						{
							"ConstantType": "Story",
							"ConstantName": "DefaultPilotsPerSystem",
							"ConstantValue": "4"
						}
					]
				},	
				{
					"ID": "diff_pilotssys_3",
					"Name": "3",
					"DifficultyValue": 0,
					"DifficultyConstants": [
						{
							"ConstantType": "Story",
							"ConstantName": "DefaultPilotsPerSystem",
							"ConstantValue": "3"
						}
					]
				},
				{
					"ID": "diff_pilotssys_2",
					"Name": "2",
					"DifficultyValue": 0,
					"DifficultyConstants": [
						{
							"ConstantType": "Story",
							"ConstantName": "DefaultPilotsPerSystem",
							"ConstantValue": "2"
						}
					]
				},
				{
					"ID": "diff_pilotssys_1",
					"Name": "1",
					"DifficultyValue": 0,
					"DifficultyConstants": [
						{
							"ConstantType": "Story",
							"ConstantName": "DefaultPilotsPerSystem",
							"ConstantValue": "1"
						}
					]
				}
			]
		},		
		{
			"ID": "diff_pilotProgression",
			"Name": "MechWarrior Progression",
			"UIOrder": 13,
			"Tooltip": "This setting controls the amount of experience MechWarriors gain after each mission. Change this setting to adjust the rate at which MechWarriors improve their stats and gain new skills.",
			"Enabled": true,
			"Visible": true,
			"Toggle": false,
			"StartOnly": false,
			"DefaultIndex": 3,
			"Options": [
				{
					"ID": "diff_PP_fast",
					"Name": "Fast",
					"DifficultyValue": 0,
					"DifficultyConstants": [
						{
							"ConstantType": "Pilot",
							"ConstantName": "BaseXPGainPerMission",
							"ConstantValue": "450"
						}
					]
				},
				{
					"ID": "diff_PP_easy",
					"Name": "Normal",
					"DifficultyValue": 0,
					"DifficultyConstants": [
						{
							"ConstantType": "Pilot",
							"ConstantName": "BaseXPGainPerMission",
							"ConstantValue": "350"
						}
					]
				},
				{
					"ID": "diff_PP_med",
					"Name": "Slow",
					"DifficultyValue": 0,
					"DifficultyConstants": [
						{
							"ConstantType": "Pilot",
							"ConstantName": "BaseXPGainPerMission",
							"ConstantValue": "250"
						}
					]
				},
				{
					"ID": "diff_PP_hard",
					"Name": "Very Slow",
					"DifficultyValue": 0,
					"DifficultyConstants": [
						{
							"ConstantType": "Pilot",
							"ConstantName": "BaseXPGainPerMission",
							"ConstantValue": "150"
						}
					]
				}
			]
		},
		{
			"ID": "diff_pilotExponent",
			"Name": "MechWarrior Exponent",
			"UIOrder": 14,
			"Tooltip": "This setting controls the exponent of raising XP Cost per Level. <color=#F79B26>LevelCost=(Potential Level,Exponent)*Multiplier.</color>",
			"Enabled": true,
			"Visible": true,
			"Toggle": false,
			"StartOnly": false,
			"DefaultIndex": 3,
			"Options": [
				{
					"ID": "diff_PEXP_fast",
					"Name": "Fast",
					"DifficultyValue": 0,
					"DifficultyConstants": [
						{
							"ConstantType": "Pilot",
							"ConstantName": "PilotLevelCostExponent",
							"ConstantValue": "1.5"
						}
					]
				},
				{
					"ID": "diff_PEXP_easy",
					"Name": "Normal",
					"DifficultyValue": 0,
					"DifficultyConstants": [
						{
							"ConstantType": "Pilot",
							"ConstantName": "PilotLevelCostExponent",
							"ConstantValue": "2.0"
						}
					]
				},
				{
					"ID": "diff_PEXP_med",
					"Name": "Slow",
					"DifficultyValue": 0,
					"DifficultyConstants": [
						{
							"ConstantType": "Pilot",
							"ConstantName": "PilotLevelCostExponent",
							"ConstantValue": "2.5"
						}
					]
				},
				{
					"ID": "diff_PEXP_hard",
					"Name": "Very Slow",
					"DifficultyValue": 0,
					"DifficultyConstants": [
						{
							"ConstantType": "Pilot",
							"ConstantName": "PilotLevelCostExponent",
							"ConstantValue": "3.0"
						}
					]
				}
			]
		},		
		{
			"ID": "diff_pilotcostmultiplier",
			"Name": "MechWarrior Multiplier",
			"UIOrder": 15,
			"Tooltip": "This setting controls the multiplier of XP Cost per Level. <color=#F79B26>LevelCost=(Potential Level,Exponent)*Multiplier.</color>",
			"Enabled": true,
			"Visible": true,
			"Toggle": false,
			"StartOnly": false,
			"DefaultIndex": 3,
			"Options": [
				{
					"ID": "diff_PCMP_fast",
					"Name": "Fast",
					"DifficultyValue": 0,
					"DifficultyConstants": [
						{
							"ConstantType": "Pilot",
							"ConstantName": "PilotLevelCostMultiplier",
							"ConstantValue": "60"
						}
					]
				},
				{
					"ID": "diff_PCMP_easy",
					"Name": "Normal",
					"DifficultyValue": 0,
					"DifficultyConstants": [
						{
							"ConstantType": "Pilot",
							"ConstantName": "PilotLevelCostMultiplier",
							"ConstantValue": "80"
						}
					]
				},
				{
					"ID": "diff_PCMP_med",
					"Name": "Slow",
					"DifficultyValue": 0,
					"DifficultyConstants": [
						{
							"ConstantType": "Pilot",
							"ConstantName": "PilotLevelCostMultiplier",
							"ConstantValue": "100"
						}
					]
				},
				{
					"ID": "diff_PCMP_hard",
					"Name": "Very Slow",
					"DifficultyValue": 0,
					"DifficultyConstants": [
						{
							"ConstantType": "Pilot",
							"ConstantName": "PilotLevelCostMultiplier",
							"ConstantValue": "140"
						}
					]
				},
				{
					"ID": "diff_PCMP_superhard",
					"Name": "UltraSlow",
					"DifficultyValue": 0,
					"DifficultyConstants": [
						{
							"ConstantType": "Pilot",
							"ConstantName": "PilotLevelCostMultiplier",
							"ConstantValue": "180"
						}
					]
				}
			]
		},		
		{
			"ID": "diff_lethality",
			"Name": "Lethality",
			"UIOrder": 16,
			"Tooltip": "Choose the chance of being KILLED IN ACTION from never to always.",
			"Enabled": true,
			"Visible": true,
			"Toggle": false,
			"StartOnly": false,
			"DefaultIndex": 3,
			"Options": [
				{
					"ID": "diff_LTH_never",
					"Name": "Never",
					"DifficultyValue": -2,
					"DifficultyConstants": [
						{
							"ConstantType": "Pilot",
							"ConstantName": "IncapacitatedDeathChance",
							"ConstantValue": "0.0"
						},
						{
							"ConstantType": "Pilot",
							"ConstantName": "GutsDeathReduction",
							"ConstantValue": "1.00"
						}
					]
				},
				{
					"ID": "diff_LTH_easy",
					"Name": "Half",
					"DifficultyValue": -1,
					"DifficultyConstants": [
						{
							"ConstantType": "Pilot",
							"ConstantName": "IncapacitatedDeathChance",
							"ConstantValue": "0.5"
						},
						{
							"ConstantType": "Pilot",
							"ConstantName": "GutsDeathReduction",
							"ConstantValue": "0.05"
						}
					]
				},
				{
					"ID": "diff_LTH_Normal",
					"Name": "Normal",
					"DifficultyValue": 0,
					"DifficultyConstants": [
						{
							"ConstantType": "Pilot",
							"ConstantName": "IncapacitatedDeathChance",
							"ConstantValue": "0.9"
						},
						{
							"ConstantType": "Pilot",
							"ConstantName": "GutsDeathReduction",
							"ConstantValue": "0.05"
						}
					]
				},
				{
					"ID": "diff_LTH_ULTRA",
					"Name": "Lethal",
					"DifficultyValue": 1,
					"DifficultyConstants": [
						{
							"ConstantType": "Pilot",
							"ConstantName": "IncapacitatedDeathChance",
							"ConstantValue": "1.05"
						},
						{
							"ConstantType": "Pilot",
							"ConstantName": "GutsDeathReduction",
							"ConstantValue": "0"
						}
					]
				}
			]
		},
		{
			"ID": "diff_money",
			"Name": "Starting Money",
			"UIOrder": 17,
			"Tooltip": "Select your starting capital. <color=#F79B26>1% Cost of your starting Lance will be deducted from this.</color>",
			"Enabled": true,
			"Visible": true,
			"Toggle": false,
			"StartOnly": false,
			"DefaultIndex": 4,
			"Options": [		
				{
					"ID": "diff_SM_supereasy",
					"Name": "6580000",
					"DifficultyValue": 0,
					"DifficultyConstants": [
						{
							"ConstantType": "Story",
							"ConstantName": "StartingCBills",
							"ConstantValue": "6580000"
						}
					]
				},
				{
					"ID": "diff_SM_easy",
					"Name": "4080000",
					"DifficultyValue": 0,
					"DifficultyConstants": [
						{
							"ConstantType": "Story",
							"ConstantName": "StartingCBills",
							"ConstantValue": "4080000"
						}
					]
				},
				{
					"ID": "diff_SM_medium",
					"Name": "3210000",
					"DifficultyValue": 0,
					"DifficultyConstants": [
						{
							"ConstantType": "Story",
							"ConstantName": "StartingCBills",
							"ConstantValue": "3210000"
						}
					]
				},
				{
					"ID": "diff_SM_hard",
					"Name": "2500000",
					"DifficultyValue": 0,
					"DifficultyConstants": [
						{
							"ConstantType": "Story",
							"ConstantName": "StartingCBills",
							"ConstantValue": "2500000"
						}
					]
				},
				{
					"ID": "diff_SM_veryhard",
					"Name": "1800000",
					"DifficultyValue": 0,
					"DifficultyConstants": [
						{
							"ConstantType": "Story",
							"ConstantName": "StartingCBills",
							"ConstantValue": "1800000"
						}
					]
				}				
			]
		},
		{
			"ID": "diff_MechBayTechCost",
			"Name": "Mech Bay Speed",
			"UIOrder": 18,
			"Tooltip": "Select Mech Bay construction Speeds",
			"Enabled": true,
			"Visible": true,
			"Toggle": false,
			"StartOnly": false,
			"DefaultIndex": 3,
			"Options": [
				{
					"ID": "diff_MBAY_quick",
					"Name": "Faster",
					"DifficultyValue": 0,
					"DifficultyConstants": [
						{
							"ConstantType": "MechLab",
							"ConstantName": "StructureRepairTechPoints",
							"ConstantValue": "0.35"
						},
						{
							"ConstantType": "MechLab",
							"ConstantName": "ComponentRepairTechPoints",
							"ConstantValue": "5"
						},
						{
							"ConstantType": "MechLab",
							"ConstantName": "BallisticInstallTechPoints",
							"ConstantValue": "8"
						},
						{
							"ConstantType": "MechLab",
							"ConstantName": "MissileInstallTechPoints",
							"ConstantValue": "8"
						},
						{
							"ConstantType": "MechLab",
							"ConstantName": "EnergyInstallTechPoints",
							"ConstantValue": "8"
						},
						{
							"ConstantType": "MechLab",
							"ConstantName": "APInstallTechPoints",
							"ConstantValue": "8"
						},
						{
							"ConstantType": "MechLab",
							"ConstantName": "AmmoInstallTechPoints",
							"ConstantValue": "4"
						},
						{
							"ConstantType": "MechLab",
							"ConstantName": "JumpJetInstallTechPoints",
							"ConstantValue": "4"
						},
						{
							"ConstantType": "MechLab",
							"ConstantName": "HeatSinkInstallTechPoints",
							"ConstantValue": "4"
						},
						{
							"ConstantType": "MechLab",
							"ConstantName": "OtherInstallTechPoints",
							"ConstantValue": "4"
						}
					]
				},
				{
					"ID": "diff_MBAY_Normal",
					"Name": "Normal",
					"DifficultyValue": 0,
					"DifficultyConstants": [
						{
							"ConstantType": "MechLab",
							"ConstantName": "StructureRepairTechPoints",
							"ConstantValue": "0.35"
						},
						{
							"ConstantType": "MechLab",
							"ConstantName": "ComponentRepairTechPoints",
							"ConstantValue": "6"
						},
						{
							"ConstantType": "MechLab",
							"ConstantName": "BallisticInstallTechPoints",
							"ConstantValue": "10"
						},
						{
							"ConstantType": "MechLab",
							"ConstantName": "MissileInstallTechPoints",
							"ConstantValue": "10"
						},
						{
							"ConstantType": "MechLab",
							"ConstantName": "EnergyInstallTechPoints",
							"ConstantValue": "10"
						},
						{
							"ConstantType": "MechLab",
							"ConstantName": "APInstallTechPoints",
							"ConstantValue": "10"
						},
						{
							"ConstantType": "MechLab",
							"ConstantName": "AmmoInstallTechPoints",
							"ConstantValue": "5"
						},
						{
							"ConstantType": "MechLab",
							"ConstantName": "JumpJetInstallTechPoints",
							"ConstantValue": "5"
						},
						{
							"ConstantType": "MechLab",
							"ConstantName": "HeatSinkInstallTechPoints",
							"ConstantValue": "5"
						},
						{
							"ConstantType": "MechLab",
							"ConstantName": "OtherInstallTechPoints",
							"ConstantValue": "5"
						}
					]
				},
				{
					"ID": "diff_MBAY_Hard",
					"Name": "Hard",
					"DifficultyValue": 0,
					"DifficultyConstants": [
						{
							"ConstantType": "MechLab",
							"ConstantName": "StructureRepairTechPoints",
							"ConstantValue": "0.65"
						},
						{
							"ConstantType": "MechLab",
							"ConstantName": "ComponentRepairTechPoints",
							"ConstantValue": "8"
						},
						{
							"ConstantType": "MechLab",
							"ConstantName": "BallisticInstallTechPoints",
							"ConstantValue": "13"
						},
						{
							"ConstantType": "MechLab",
							"ConstantName": "MissileInstallTechPoints",
							"ConstantValue": "13"
						},
						{
							"ConstantType": "MechLab",
							"ConstantName": "EnergyInstallTechPoints",
							"ConstantValue": "13"
						},
						{
							"ConstantType": "MechLab",
							"ConstantName": "APInstallTechPoints",
							"ConstantValue": "13"
						},
						{
							"ConstantType": "MechLab",
							"ConstantName": "AmmoInstallTechPoints",
							"ConstantValue": "7"
						},
						{
							"ConstantType": "MechLab",
							"ConstantName": "JumpJetInstallTechPoints",
							"ConstantValue": "7"
						},
						{
							"ConstantType": "MechLab",
							"ConstantName": "HeatSinkInstallTechPoints",
							"ConstantValue": "7"
						},
						{
							"ConstantType": "MechLab",
							"ConstantName": "OtherInstallTechPoints",
							"ConstantValue": "7"
						}
					]
				},
				{
					"ID": "diff_MBAY_VeryHard",
					"Name": "VeryHard",
					"DifficultyValue": 0,
					"DifficultyConstants": [
						{
							"ConstantType": "MechLab",
							"ConstantName": "StructureRepairTechPoints",
							"ConstantValue": "0.85"
						},
						{
							"ConstantType": "MechLab",
							"ConstantName": "ComponentRepairTechPoints",
							"ConstantValue": "11"
						},
						{
							"ConstantType": "MechLab",
							"ConstantName": "BallisticInstallTechPoints",
							"ConstantValue": "16"
						},
						{
							"ConstantType": "MechLab",
							"ConstantName": "MissileInstallTechPoints",
							"ConstantValue": "16"
						},
						{
							"ConstantType": "MechLab",
							"ConstantName": "EnergyInstallTechPoints",
							"ConstantValue": "16"
						},
						{
							"ConstantType": "MechLab",
							"ConstantName": "APInstallTechPoints",
							"ConstantValue": "16"
						},
						{
							"ConstantType": "MechLab",
							"ConstantName": "AmmoInstallTechPoints",
							"ConstantValue": "10"
						},
						{
							"ConstantType": "MechLab",
							"ConstantName": "JumpJetInstallTechPoints",
							"ConstantValue": "10"
						},
						{
							"ConstantType": "MechLab",
							"ConstantName": "HeatSinkInstallTechPoints",
							"ConstantValue": "10"
						},
						{
							"ConstantType": "MechLab",
							"ConstantName": "OtherInstallTechPoints",
							"ConstantValue": "10"
						}
					]
				}				
			]
		},
		{
			"ID": "diff_ArmourTechCost",
			"Name": "Mech Bay Armour Speed",
			"UIOrder": 19,
			"Tooltip": "Select the speed at which your armour is changed",
			"Enabled": true,
			"Visible": true,
			"Toggle": false,
			"StartOnly": false,
			"DefaultIndex": 3,
			"Options": [
				{
					"ID": "diff_MBAY_quick",
					"Name": "Easy",
					"DifficultyValue": 0,
					"DifficultyConstants": [
						{
							"ConstantType": "MechLab",
							"ConstantName": "ArmorInstallTechPoints",
							"ConstantValue": "30"
						}
					]
				},
				{
					"ID": "diff_MBAY_Normal",
					"Name": "Quick",
					"DifficultyValue": 0,
					"DifficultyConstants": [
						{
							"ConstantType": "MechLab",
							"ConstantName": "ArmorInstallTechPoints",
							"ConstantValue": "45"
						}
					]
				},
				{
					"ID": "diff_MBAY_Hard",
					"Name": "Normal",
					"DifficultyValue": 0,
					"DifficultyConstants": [
						{
							"ConstantType": "MechLab",
							"ConstantName": "ArmorInstallTechPoints",
							"ConstantValue": "70"
						}
					]
				},
				{
					"ID": "diff_MBAY_VeryHard",
					"Name": "VeryHard",
					"DifficultyValue": 0,
					"DifficultyConstants": [
						{
							"ConstantType": "MechLab",
							"ConstantName": "ArmorInstallTechPoints",
							"ConstantValue": "100"
						}
					]
				}				
			]
		},		
		{
			"ID": "diff_MechBayBillsCost",
			"Name": "Mech Bay CBILLS",
			"UIOrder": 20,
			"Tooltip": "Select Mech Bay Cbill Cost",
			"Enabled": true,
			"Visible": true,
			"Toggle": false,
			"StartOnly": false,
			"DefaultIndex": 2,
			"Options": [
				{
					"ID": "diff_MBAYC_quick",
					"Name": "Cheap",
					"DifficultyValue": 0,
					"DifficultyConstants": [
						{
							"ConstantType": "MechLab",
							"ConstantName": "StructureRepairCost",
							"ConstantValue": "200"
						},
						{
							"ConstantType": "MechLab",
							"ConstantName": "ComponentRepairCost",
							"ConstantValue": "300"
						},
						{
							"ConstantType": "MechLab",
							"ConstantName": "BallisticInstallCost",
							"ConstantValue": "350"
						},
						{
							"ConstantType": "MechLab",
							"ConstantName": "MissileInstallTechCost",
							"ConstantValue": "350"
						},
						{
							"ConstantType": "MechLab",
							"ConstantName": "EnergyInstallCost",
							"ConstantValue": "350"
						},
						{
							"ConstantType": "MechLab",
							"ConstantName": "APInstallCost",
							"ConstantValue": "350"
						},
						{
							"ConstantType": "MechLab",
							"ConstantName": "AmmoInstallCost",
							"ConstantValue": "175"
						},
						{
							"ConstantType": "MechLab",
							"ConstantName": "JumpJetInstallCost",
							"ConstantValue": "350"
						},
						{
							"ConstantType": "MechLab",
							"ConstantName": "HeatSinkInstallCost",
							"ConstantValue": "250"
						},
						{
							"ConstantType": "MechLab",
							"ConstantName": "ArmorInstallCost",
							"ConstantValue": "100"
						},
						{
							"ConstantType": "MechLab",
							"ConstantName": "OtherInstallCost",
							"ConstantValue": "250"
						}
					]
				},
				{
					"ID": "diff_MBAYC_Normal",
					"Name": "Normal",
					"DifficultyValue": 0,
					"DifficultyConstants": [
						{
							"ConstantType": "MechLab",
							"ConstantName": "StructureRepairCost",
							"ConstantValue": "400"
						},
						{
							"ConstantType": "MechLab",
							"ConstantName": "ComponentRepairCost",
							"ConstantValue": "600"
						},
						{
							"ConstantType": "MechLab",
							"ConstantName": "BallisticInstallCost",
							"ConstantValue": "700"
						},
						{
							"ConstantType": "MechLab",
							"ConstantName": "MissileInstallTechCost",
							"ConstantValue": "700"
						},
						{
							"ConstantType": "MechLab",
							"ConstantName": "EnergyInstallCost",
							"ConstantValue": "700"
						},
						{
							"ConstantType": "MechLab",
							"ConstantName": "APInstallCost",
							"ConstantValue": "700"
						},
						{
							"ConstantType": "MechLab",
							"ConstantName": "AmmoInstallCost",
							"ConstantValue": "350"
						},
						{
							"ConstantType": "MechLab",
							"ConstantName": "JumpJetInstallCost",
							"ConstantValue": "700"
						},
						{
							"ConstantType": "MechLab",
							"ConstantName": "HeatSinkInstallCost",
							"ConstantValue": "500"
						},
						{
							"ConstantType": "MechLab",
							"ConstantName": "ArmorInstallCost",
							"ConstantValue": "150"
						},
						{
							"ConstantType": "MechLab",
							"ConstantName": "OtherInstallCost",
							"ConstantValue": "500"
						}
					]
				},
				{
					"ID": "diff_MBAYC_Hard",
					"Name": "Expensive",
					"DifficultyValue": 0,
					"DifficultyConstants": [
						{
							"ConstantType": "MechLab",
							"ConstantName": "StructureRepairCost",
							"ConstantValue": "800"
						},
						{
							"ConstantType": "MechLab",
							"ConstantName": "ComponentRepairCost",
							"ConstantValue": "1200"
						},
						{
							"ConstantType": "MechLab",
							"ConstantName": "BallisticInstallCost",
							"ConstantValue": "1400"
						},
						{
							"ConstantType": "MechLab",
							"ConstantName": "MissileInstallTechCost",
							"ConstantValue": "1400"
						},
						{
							"ConstantType": "MechLab",
							"ConstantName": "EnergyInstallCost",
							"ConstantValue": "1400"
						},
						{
							"ConstantType": "MechLab",
							"ConstantName": "APInstallCost",
							"ConstantValue": "1400"
						},
						{
							"ConstantType": "MechLab",
							"ConstantName": "AmmoInstallCost",
							"ConstantValue": "700"
						},
						{
							"ConstantType": "MechLab",
							"ConstantName": "JumpJetInstallCost",
							"ConstantValue": "1400"
						},
						{
							"ConstantType": "MechLab",
							"ConstantName": "HeatSinkInstallCost",
							"ConstantValue": "1000"
						},
						{
							"ConstantType": "MechLab",
							"ConstantName": "ArmorInstallCost",
							"ConstantValue": "300"
						},
						{
							"ConstantType": "MechLab",
							"ConstantName": "OtherInstallCost",
							"ConstantValue": "1000"
						}
					]
				}
			]
		},
		{
			"ID": "diff_ShopSell",
			"Name": "Shop Selling Prices",
			"UIOrder": 23,
			"Tooltip": "Set your desired Selling Values.",
			"Enabled": true,
			"Visible": true,
			"Toggle": false,
			"StartOnly": false,
			"DefaultIndex": 5,
			"Options": [
				{
					"ID": "diff_SS_5",
					"Name": "5%",
					"DifficultyValue": 0,
					"DifficultyConstants": [
						{
							"ConstantType": "Finances",
							"ConstantName": "ShopSellModifier",
							"ConstantValue": "0.05"
						}
					]
				},			
				{
					"ID": "diff_SS_6",
					"Name": "6%",
					"DifficultyValue": 0,
					"DifficultyConstants": [
						{
							"ConstantType": "Finances",
							"ConstantName": "ShopSellModifier",
							"ConstantValue": "0.06"
						}
					]
				},			
				{
					"ID": "diff_SS_10",
					"Name": "7%",
					"DifficultyValue": 0,
					"DifficultyConstants": [
						{
							"ConstantType": "Finances",
							"ConstantName": "ShopSellModifier",
							"ConstantValue": "0.07"
						}
					]
				},			
				{
					"ID": "diff_SS_8",
					"Name": "8%",
					"DifficultyValue": 0,
					"DifficultyConstants": [
						{
							"ConstantType": "Finances",
							"ConstantName": "ShopSellModifier",
							"ConstantValue": "0.08"
						}
					]
				},			
				{
					"ID": "diff_SS_9",
					"Name": "9%",
					"DifficultyValue": 0,
					"DifficultyConstants": [
						{
							"ConstantType": "Finances",
							"ConstantName": "ShopSellModifier",
							"ConstantValue": "0.09"
						}
					]
				},			
				{
					"ID": "diff_SS_10",
					"Name": "10%",
					"DifficultyValue": 0,
					"DifficultyConstants": [
						{
							"ConstantType": "Finances",
							"ConstantName": "ShopSellModifier",
							"ConstantValue": "0.1"
						}
					]
				},			
				{
					"ID": "diff_SS_11",
					"Name": "11%",
					"DifficultyValue": 0,
					"DifficultyConstants": [
						{
							"ConstantType": "Finances",
							"ConstantName": "ShopSellModifier",
							"ConstantValue": "0.11"
						}
					]
				},			
				{
					"ID": "diff_SS_12",
					"Name": "12%",
					"DifficultyValue": 0,
					"DifficultyConstants": [
						{
							"ConstantType": "Finances",
							"ConstantName": "ShopSellModifier",
							"ConstantValue": "0.12"
						}
					]
				},			
				{
					"ID": "diff_SS_13",
					"Name": "13%",
					"DifficultyValue": 0,
					"DifficultyConstants": [
						{
							"ConstantType": "Finances",
							"ConstantName": "ShopSellModifier",
							"ConstantValue": "0.13"
						}
					]
				},			
				{
					"ID": "diff_SS_14",
					"Name": "14%",
					"DifficultyValue": 0,
					"DifficultyConstants": [
						{
							"ConstantType": "Finances",
							"ConstantName": "ShopSellModifier",
							"ConstantValue": "0.14"
						}
					]
				},			
				{
					"ID": "diff_SS_15",
					"Name": "15%",
					"DifficultyValue": 0,
					"DifficultyConstants": [
						{
							"ConstantType": "Finances",
							"ConstantName": "ShopSellModifier",
							"ConstantValue": "0.15"
						}
					]
				},
				{
					"ID": "diff_SS_16",
					"Name": "16%",
					"DifficultyValue": 0,
					"DifficultyConstants": [
						{
							"ConstantType": "Finances",
							"ConstantName": "ShopSellModifier",
							"ConstantValue": "0.16"
						}
					]
				},
				{
					"ID": "diff_SS_17",
					"Name": "17%",
					"DifficultyValue": 0,
					"DifficultyConstants": [
						{
							"ConstantType": "Finances",
							"ConstantName": "ShopSellModifier",
							"ConstantValue": "0.17"
						}
					]
				},
				{
					"ID": "diff_SS_18",
					"Name": "18%",
					"DifficultyValue": 0,
					"DifficultyConstants": [
						{
							"ConstantType": "Finances",
							"ConstantName": "ShopSellModifier",
							"ConstantValue": "0.18"
						}
					]
				},
				{
					"ID": "diff_SS_19",
					"Name": "19%",
					"DifficultyValue": 0,
					"DifficultyConstants": [
						{
							"ConstantType": "Finances",
							"ConstantName": "ShopSellModifier",
							"ConstantValue": "0.19"
						}
					]
				},
				{
					"ID": "diff_SS_20",
					"Name": "20%",
					"DifficultyValue": 0,
					"DifficultyConstants": [
						{
							"ConstantType": "Finances",
							"ConstantName": "ShopSellModifier",
							"ConstantValue": "0.20"
						}
					]
				}				
			]
		},
{
			"ID": "diff_ShopScrap",
			"Name": "Scrap Return Values",
			"UIOrder": 24,
			"Tooltip": "Set your desired Scrapping Payouts.",
			"Enabled": true,
			"Visible": true,
			"Toggle": false,
			"StartOnly": false,
			"DefaultIndex": 5,
			"Options": [
				{
					"ID": "diff_Scrap_5",
					"Name": "5%",
					"DifficultyValue": 0,
					"DifficultyConstants": [
						{
							"ConstantType": "Finances",
							"ConstantName": "MechScrapModifier",
							"ConstantValue": "0.05"
						}
					]
				},			
				{
					"ID": "diff_Scrap_6",
					"Name": "6%",
					"DifficultyValue": 0,
					"DifficultyConstants": [
						{
							"ConstantType": "Finances",
							"ConstantName": "MechScrapModifier",
							"ConstantValue": "0.06"
						}
					]
				},			
				{
					"ID": "diff_Scrap_7",
					"Name": "7%",
					"DifficultyValue": 0,
					"DifficultyConstants": [
						{
							"ConstantType": "Finances",
							"ConstantName": "MechScrapModifier",
							"ConstantValue": "0.07"
						}
					]
				},			
				{
					"ID": "diff_Scrap_8",
					"Name": "8%",
					"DifficultyValue": 0,
					"DifficultyConstants": [
						{
							"ConstantType": "Finances",
							"ConstantName": "MechScrapModifier",
							"ConstantValue": "0.08"
						}
					]
				},			
				{
					"ID": "diff_Scrap_9",
					"Name": "9%",
					"DifficultyValue": 0,
					"DifficultyConstants": [
						{
							"ConstantType": "Finances",
							"ConstantName": "MechScrapModifier",
							"ConstantValue": "0.09"
						}
					]
				},			
				{
					"ID": "diff_Scrap_10",
					"Name": "10%",
					"DifficultyValue": 0,
					"DifficultyConstants": [
						{
							"ConstantType": "Finances",
							"ConstantName": "MechScrapModifier",
							"ConstantValue": "0.10"
						}
					]
				},			
				{
					"ID": "diff_Scrap_11",
					"Name": "11%",
					"DifficultyValue": 0,
					"DifficultyConstants": [
						{
							"ConstantType": "Finances",
							"ConstantName": "MechScrapModifier",
							"ConstantValue": "0.11"
						}
					]
				},			
				{
					"ID": "diff_Scrap_12",
					"Name": "12%",
					"DifficultyValue": 0,
					"DifficultyConstants": [
						{
							"ConstantType": "Finances",
							"ConstantName": "MechScrapModifier",
							"ConstantValue": "0.12"
						}
					]
				},			
				{
					"ID": "diff_Scrap_13",
					"Name": "13%",
					"DifficultyValue": 0,
					"DifficultyConstants": [
						{
							"ConstantType": "Finances",
							"ConstantName": "MechScrapModifier",
							"ConstantValue": "0.13"
						}
					]
				},			
				{
					"ID": "diff_Scrap_14",
					"Name": "14%",
					"DifficultyValue": 0,
					"DifficultyConstants": [
						{
							"ConstantType": "Finances",
							"ConstantName": "MechScrapModifier",
							"ConstantValue": "0.14"
						}
					]
				},			
				{
					"ID": "diff_Scrap_15",
					"Name": "15%",
					"DifficultyValue": 0,
					"DifficultyConstants": [
						{
							"ConstantType": "Finances",
							"ConstantName": "MechScrapModifier",
							"ConstantValue": "0.15"
						}
					]
				},
				{
					"ID": "diff_Scrap_16",
					"Name": "16%",
					"DifficultyValue": 0,
					"DifficultyConstants": [
						{
							"ConstantType": "Finances",
							"ConstantName": "MechScrapModifier",
							"ConstantValue": "0.16"
						}
					]
				},
				{
					"ID": "diff_Scrap_17",
					"Name": "17%",
					"DifficultyValue": 0,
					"DifficultyConstants": [
						{
							"ConstantType": "Finances",
							"ConstantName": "MechScrapModifier",
							"ConstantValue": "0.17"
						}
					]
				},
				{
					"ID": "diff_Scrap_18",
					"Name": "18%",
					"DifficultyValue": 0,
					"DifficultyConstants": [
						{
							"ConstantType": "Finances",
							"ConstantName": "MechScrapModifier",
							"ConstantValue": "0.18"
						}
					]
				},
				{
					"ID": "diff_Scrap_19",
					"Name": "19%",
					"DifficultyValue": 0,
					"DifficultyConstants": [
						{
							"ConstantType": "Finances",
							"ConstantName": "MechScrapModifier",
							"ConstantValue": "0.19"
						}
					]
				},
				{
					"ID": "diff_Scrap_20",
					"Name": "20%",
					"DifficultyValue": 0,
					"DifficultyConstants": [
						{
							"ConstantType": "Finances",
							"ConstantName": "MechScrapModifier",
							"ConstantValue": "0.20"
						}
					]
				}			
			]
		},
{
			"ID": "diff_ShopSize",
			"Name": "Max Shop Inventory",
			"UIOrder": 25,
			"Tooltip": "Set your desired Max Shop Inventory.",
			"Enabled": true,
			"Visible": true,
			"Toggle": false,
			"StartOnly": false,
			"DefaultIndex": 5,
			"Options": [
				{
					"ID": "diff_Mshop_20",
					"Name": "10",
					"DifficultyValue": 0,
					"DifficultyConstants": [
						{
							"ConstantType": "Finances",
							"ConstantName": "DefaultShopMaxInventory",
							"ConstantValue": "10"
						}
					]
				},
				{
					"ID": "diff_Mshop_40",
					"Name": "20",
					"DifficultyValue": 0,
					"DifficultyConstants": [
						{
							"ConstantType": "Finances",
							"ConstantName": "DefaultShopMaxInventory",
							"ConstantValue": "20"
						}
					]
				},
				{
					"ID": "diff_Mshop_60",
					"Name": "30",
					"DifficultyValue": 0,
					"DifficultyConstants": [
						{
							"ConstantType": "Finances",
							"ConstantName": "DefaultShopMaxInventory",
							"ConstantValue": "30"
						}
					]
				},
				{
					"ID": "diff_Mshop_80",
					"Name": "40",
					"DifficultyValue": 0,
					"DifficultyConstants": [
						{
							"ConstantType": "Finances",
							"ConstantName": "DefaultShopMaxInventory",
							"ConstantValue": "40"
						}
					]
				},
				{
					"ID": "diff_Mshop_100",
					"Name": "50",
					"DifficultyValue": 0,
					"DifficultyConstants": [
						{
							"ConstantType": "Finances",
							"ConstantName": "DefaultShopMaxInventory",
							"ConstantValue": "50"
						}
					]
				},
				{
					"ID": "diff_Mshop_120",
					"Name": "60",
					"DifficultyValue": 0,
					"DifficultyConstants": [
						{
							"ConstantType": "Finances",
							"ConstantName": "DefaultShopMaxInventory",
							"ConstantValue": "60"
						}
					]
				},
				{
					"ID": "diff_Mshop_140",
					"Name": "70",
					"DifficultyValue": 0,
					"DifficultyConstants": [
						{
							"ConstantType": "Finances",
							"ConstantName": "DefaultShopMaxInventory",
							"ConstantValue": "70"
						}
					]
				},
				{
					"ID": "diff_Mshop_160",
					"Name": "80",
					"DifficultyValue": 0,
					"DifficultyConstants": [
						{
							"ConstantType": "Finances",
							"ConstantName": "DefaultShopMaxInventory",
							"ConstantValue": "80"
						}
					]
				},
				{
					"ID": "diff_Mshop_180",
					"Name": "90",
					"DifficultyValue": 0,
					"DifficultyConstants": [
						{
							"ConstantType": "Finances",
							"ConstantName": "DefaultShopMaxInventory",
							"ConstantValue": "90"
						}
					]
				},
				{
					"ID": "diff_Mshop_200",
					"Name": "100",
					"DifficultyValue": 0,
					"DifficultyConstants": [
						{
							"ConstantType": "Finances",
							"ConstantName": "DefaultShopMaxInventory",
							"ConstantValue": "100"
						}
					]
				}				
			]
		},
{
			"ID": "diff_ShopSpecials",
			"Name": "Max Specials per shop",
			"UIOrder": 26,
			"Tooltip": "Set your desired Max Special Amount .",
			"Enabled": true,
			"Visible": true,
			"Toggle": false,
			"StartOnly": false,
			"DefaultIndex": 5,
			"Options": [
				{
					"ID": "diff_Specials_5",
					"Name": "5",
					"DifficultyValue": 0,
					"DifficultyConstants": [
						{
							"ConstantType": "Finances",
							"ConstantName": "DefaultShopMaxSpecials",
							"ConstantValue": "5"
						}
					]
				},
				{
					"ID": "diff_Specials_10",
					"Name": "7",
					"DifficultyValue": 0,
					"DifficultyConstants": [
						{
							"ConstantType": "Finances",
							"ConstantName": "DefaultShopMaxSpecials",
							"ConstantValue": "7"
						}
					]
				},
				{
					"ID": "diff_Specials_15",
					"Name": "9",
					"DifficultyValue": 0,
					"DifficultyConstants": [
						{
							"ConstantType": "Finances",
							"ConstantName": "DefaultShopMaxSpecials",
							"ConstantValue": "9"
						}
					]
				},
				{
					"ID": "diff_Specials_20",
					"Name": "11",
					"DifficultyValue": 0,
					"DifficultyConstants": [
						{
							"ConstantType": "Finances",
							"ConstantName": "DefaultShopMaxSpecials",
							"ConstantValue": "11"
						}
					]
				},
				{
					"ID": "diff_Specials_25",
					"Name": "13",
					"DifficultyValue": 0,
					"DifficultyConstants": [
						{
							"ConstantType": "Finances",
							"ConstantName": "DefaultShopMaxSpecials",
							"ConstantValue": "13"
						}
					]
				},
				{
					"ID": "diff_Specials_30",
					"Name": "15",
					"DifficultyValue": 0,
					"DifficultyConstants": [
						{
							"ConstantType": "Finances",
							"ConstantName": "DefaultShopMaxSpecials",
							"ConstantValue": "15"
						}
					]
				},
				{
					"ID": "diff_Specials_35",
					"Name": "17",
					"DifficultyValue": 0,
					"DifficultyConstants": [
						{
							"ConstantType": "Finances",
							"ConstantName": "DefaultShopMaxSpecials",
							"ConstantValue": "17"
						}
					]
				},
				{
					"ID": "diff_Specials_40",
					"Name": "19",
					"DifficultyValue": 0,
					"DifficultyConstants": [
						{
							"ConstantType": "Finances",
							"ConstantName": "DefaultShopMaxSpecials",
							"ConstantValue": "19"
						}
					]
				},
				{
					"ID": "diff_Specials_45",
					"Name": "21",
					"DifficultyValue": 0,
					"DifficultyConstants": [
						{
							"ConstantType": "Finances",
							"ConstantName": "DefaultShopMaxSpecials",
							"ConstantValue": "21"
						}
					]
				},
				{
					"ID": "diff_Specials_50",
					"Name": "23",
					"DifficultyValue": 0,
					"DifficultyConstants": [
						{
							"ConstantType": "Finances",
							"ConstantName": "DefaultShopMaxSpecials",
							"ConstantValue": "23"
						}
					]
				},
				{
					"ID": "diff_Specials_60",
					"Name": "25",
					"DifficultyValue": 0,
					"DifficultyConstants": [
						{
							"ConstantType": "Finances",
							"ConstantName": "DefaultShopMaxSpecials",
							"ConstantValue": "25"
						}
					]
				},
				{
					"ID": "diff_Specials_65",
					"Name": "27",
					"DifficultyValue": 0,
					"DifficultyConstants": [
						{
							"ConstantType": "Finances",
							"ConstantName": "DefaultShopMaxSpecials",
							"ConstantValue": "27"
						}
					]
				},
				{
					"ID": "diff_Specials_65",
					"Name": "29",
					"DifficultyValue": 0,
					"DifficultyConstants": [
						{
							"ConstantType": "Finances",
							"ConstantName": "DefaultShopMaxSpecials",
							"ConstantValue": "29"
						}
					]
				},
				{
					"ID": "diff_Specials_70",
					"Name": "31",
					"DifficultyValue": 0,
					"DifficultyConstants": [
						{
							"ConstantType": "Finances",
							"ConstantName": "DefaultShopMaxSpecials",
							"ConstantValue": "31"
						}
					]
				},
				{
					"ID": "diff_Specials_75",
					"Name": "33",
					"DifficultyValue": 0,
					"DifficultyConstants": [
						{
							"ConstantType": "Finances",
							"ConstantName": "DefaultShopMaxSpecials",
							"ConstantValue": "33"
						}
					]
				},
				{
					"ID": "diff_Specials_80",
					"Name": "35",
					"DifficultyValue": 0,
					"DifficultyConstants": [
						{
							"ConstantType": "Finances",
							"ConstantName": "DefaultShopMaxSpecials",
							"ConstantValue": "35"
						}
					]
				}				
			]
		}
	]
}