{
    "Name": "RogueTech Brutal",
    "Enabled": true,

    "Version": "Brutal",
    "Description": "Contains the brutal rules of roguetech",
    "Author": "LadyAlekto",
    "Website": "",
    "Contact": "fakeemail@fakeemail.com",

    "Manifest": [
        { "Type": "PilotDef", "Path": "AIPilotsBuff" },
		{ "Type": "PilotDef", "Path": "AIPilotsMed" },
		{ "Type": "PilotDef", "Path": "AIPilotsHigh" },
		{ "Type": "PilotDef", "Path": "ClanAIPilotsBuff" },
		{ "Type": "PilotDef", "Path": "ClanAIPilotsMed" },
		{ "Type": "PilotDef", "Path": "ClanAIPilotsHigh" },
		{ "Type": "AbilityDef", "Path": "AItraits" }		
    ],
	
	
			"DependsOn": [ "CustomComponents", "RogueModuleTech", "SkillBasedInit", "WeaponRealizer"],
			"ConflictsWith": [ "RogueTech Enhanced", "RogueTech Enhanced Clans"]
	
}
